-- MySQL dump 10.15  Distrib 10.0.15-MariaDB, for Linux (x86_64)
--
-- Host: localhost    Database: amlaocom_fmg-db
-- ------------------------------------------------------
-- Server version	10.0.15-MariaDB

/*!40101 SET @OLD_CHARACTER_SET_CLIENT=@@CHARACTER_SET_CLIENT */;
/*!40101 SET @OLD_CHARACTER_SET_RESULTS=@@CHARACTER_SET_RESULTS */;
/*!40101 SET @OLD_COLLATION_CONNECTION=@@COLLATION_CONNECTION */;
/*!40101 SET NAMES utf8 */;
/*!40103 SET @OLD_TIME_ZONE=@@TIME_ZONE */;
/*!40103 SET TIME_ZONE='+00:00' */;
/*!40014 SET @OLD_UNIQUE_CHECKS=@@UNIQUE_CHECKS, UNIQUE_CHECKS=0 */;
/*!40014 SET @OLD_FOREIGN_KEY_CHECKS=@@FOREIGN_KEY_CHECKS, FOREIGN_KEY_CHECKS=0 */;
/*!40101 SET @OLD_SQL_MODE=@@SQL_MODE, SQL_MODE='NO_AUTO_VALUE_ON_ZERO' */;
/*!40111 SET @OLD_SQL_NOTES=@@SQL_NOTES, SQL_NOTES=0 */;

--
-- Table structure for table `application_log`
--

DROP TABLE IF EXISTS `application_log`;
/*!40101 SET @saved_cs_client     = @@character_set_client */;
/*!40101 SET character_set_client = utf8 */;
CREATE TABLE `application_log` (
  `id` int(11) NOT NULL AUTO_INCREMENT,
  `log_type` varchar(145) DEFAULT NULL,
  `detail` varchar(45) DEFAULT NULL,
  `user_id` int(11) NOT NULL,
  `created_at` datetime DEFAULT NULL,
  `updated_at` datetime DEFAULT NULL,
  PRIMARY KEY (`id`),
  KEY `fk_transaction_log_user1_idx` (`user_id`),
  CONSTRAINT `fk_transaction_log_user1` FOREIGN KEY (`user_id`) REFERENCES `user` (`id`) ON DELETE NO ACTION ON UPDATE NO ACTION
) ENGINE=InnoDB DEFAULT CHARSET=utf8;
/*!40101 SET character_set_client = @saved_cs_client */;

--
-- Dumping data for table `application_log`
--

LOCK TABLES `application_log` WRITE;
/*!40000 ALTER TABLE `application_log` DISABLE KEYS */;
/*!40000 ALTER TABLE `application_log` ENABLE KEYS */;
UNLOCK TABLES;

--
-- Table structure for table `company_profile`
--

DROP TABLE IF EXISTS `company_profile`;
/*!40101 SET @saved_cs_client     = @@character_set_client */;
/*!40101 SET character_set_client = utf8 */;
CREATE TABLE `company_profile` (
  `id` int(11) NOT NULL AUTO_INCREMENT,
  `company_name` varchar(145) DEFAULT NULL,
  `logo` varchar(45) DEFAULT NULL,
  `address` varchar(245) DEFAULT NULL,
  `telephone` varchar(45) DEFAULT NULL,
  `fax` varchar(45) DEFAULT NULL,
  `mobile` varchar(45) DEFAULT NULL,
  `email` varchar(45) DEFAULT NULL,
  PRIMARY KEY (`id`)
) ENGINE=InnoDB AUTO_INCREMENT=2 DEFAULT CHARSET=utf8;
/*!40101 SET character_set_client = @saved_cs_client */;

--
-- Dumping data for table `company_profile`
--

LOCK TABLES `company_profile` WRITE;
/*!40000 ALTER TABLE `company_profile` DISABLE KEYS */;
INSERT INTO `company_profile` VALUES (1,'ບໍລິສັດ 1 ພຶດສະພາກຣຸບ ຈຳກັດຜູ້ດຽວ <br/>(First May Group Sole Co.,Ltd)','','KM 10 Thadeua Rd, P.O.Box 3151Vientiane Capital, Lao PDR','(856-21) 314 890','(856-21) 313 418','(858-20) 2323 7878','firstmaygroup@gmail.com');
/*!40000 ALTER TABLE `company_profile` ENABLE KEYS */;
UNLOCK TABLES;

--
-- Table structure for table `customer`
--

DROP TABLE IF EXISTS `customer`;
/*!40101 SET @saved_cs_client     = @@character_set_client */;
/*!40101 SET character_set_client = utf8 */;
CREATE TABLE `customer` (
  `id` int(11) NOT NULL AUTO_INCREMENT,
  `company_name` varchar(145) DEFAULT NULL,
  `contact_name` varchar(145) DEFAULT NULL COMMENT 'Manager, Director or owner name',
  `transaction_prefix` varchar(45) DEFAULT NULL COMMENT 'Code will use on transaction Ex: AA_, BB_, CC_',
  `address` varchar(145) DEFAULT NULL,
  `telephone` varchar(45) DEFAULT NULL,
  `fax` varchar(45) DEFAULT NULL,
  `mobile` varchar(45) DEFAULT NULL,
  `email` varchar(145) DEFAULT NULL,
  `send_location` varchar(245) DEFAULT NULL COMMENT 'Product send location or site',
  `dept_duration` int(11) DEFAULT NULL COMMENT 'Number of days for dept',
  `overpaid_charge_percentage` int(5) DEFAULT NULL COMMENT 'Charge (%) rate if customer not paid within dept_duration',
  `created_at` datetime DEFAULT NULL,
  `updated_at` datetime DEFAULT NULL,
  `remove` tinyint(1) DEFAULT NULL,
  PRIMARY KEY (`id`),
  KEY `company_name` (`company_name`),
  KEY `contact_name` (`contact_name`)
) ENGINE=InnoDB AUTO_INCREMENT=16 DEFAULT CHARSET=utf8;
/*!40101 SET character_set_client = @saved_cs_client */;

--
-- Dumping data for table `customer`
--

LOCK TABLES `customer` WRITE;
/*!40000 ALTER TABLE `customer` DISABLE KEYS */;
INSERT INTO `customer` VALUES (1,'IT Pedia Sole.,Ltd','Somwang','ITP_','Suite 408, Level 4, Press Club Building 59A Ly Thai To st, Hoan Kiem dist, Hanoi, VN','+85620 59998848','+85621251458','+856 20 2222 6543','dsouksavatd@gmail.com','Skymediator',45,3,'2015-01-23 12:21:10','2015-02-28 12:32:30',1),(2,'ລູກຄ້າທົ່ວໄປ','','GEN_','','','','','',NULL,0,0,'2015-02-08 06:48:01','2015-02-28 12:32:34',1),(3,'AbsoluteIt Outsource Co., Ltd','ສົມສັກ ຫົງສຸວັນ','AOC_','511/15 Prachauthit Rd.,Trungkru,Bangkok Thailand 10140','020 9747 5999','021 555 8888','+856 20 5999 8848','info@thaipointofsale.com',NULL,30,3,'2015-02-20 23:12:18','2015-02-28 12:32:38',1),(4,'ບໍລິສັດ ດາວທຽມ ຈຳກັດ (ອ້າຍເຈ)','Peter','ດທ_','','','','','',NULL,0,0,'2015-02-28 12:34:49','2015-02-28 12:34:49',0),(5,'ໂຄງການວຽງຈັນເນລະມິດ (Jimmy)','','ນລມ_','','','','','',NULL,0,0,'2015-02-28 12:36:08','2015-02-28 12:36:08',0),(6,'ບໍລິສັດ ຊຽງຕູ່ (ຈັນທີ)','','ຊຕ8','','','','','',NULL,0,0,'2015-02-28 12:39:02','2015-02-28 12:42:43',1),(7,'ບໍລິສັດ ຊຽງຕູ່ (ຈັນທີ)','ຈັນທີ','ຊຕ_','ຫຼັກ6','','','','',NULL,0,0,'2015-02-28 12:42:28','2015-02-28 12:42:28',0),(8,'ໂຮງແຮມ 35 ຊັ້ນ ( ຈັນທີ )','','ຮ35_','','','','','',NULL,0,0,'2015-02-28 12:44:46','2015-02-28 12:44:46',0),(9,'ລາວ ໄອເຕັກ','','ອຕ_','ໂພນທັນ','','','','',NULL,45,0,'2015-03-04 16:19:34','2015-03-04 16:19:34',0),(10,'ບໍລິສັດ ຈະເລີນຊັບ. (ຈິມມີ້)','','ຈລ_','ນາໄຫ','','','','',NULL,30,3,'2015-03-06 10:30:50','2015-03-06 10:30:50',0),(11,'ບໍລິສັດ ຈະເລີນຊັບ.ດ (ຈິມມີ້)','','ຈລ_','ດົງຄຳຊ້າງ','','','','',NULL,30,3,'2015-03-06 10:32:02','2015-03-06 10:32:02',0),(12,'ອ້າຍ ລໍ (ຈິມມີ້)','','ລ_','','','','','',NULL,15,0,'2015-03-07 13:06:22','2015-03-07 13:06:22',0),(13,'ອ້າຍ ໂກ້ (ເອື້ອຍໃຈ)','','ອກ_','ດອນກອຍ','','','','',NULL,15,3,'2015-03-10 15:19:55','2015-03-10 15:19:55',0),(14,'ບໍລິສັດ ຈຳປາຄຳ','','ຈປ_','','','','','',NULL,0,0,'2015-03-10 15:31:41','2015-03-10 15:35:15',1),(15,'ຕັງ​ຈະ​ເລີນ(ໄອ​ເຕັກ)','','ໄອ​ເຕັກ_','','021 760768','021 760679','020 55622913','',NULL,30,3,'2015-03-10 16:31:54','2015-03-10 16:32:30',0);
/*!40000 ALTER TABLE `customer` ENABLE KEYS */;
UNLOCK TABLES;
/*!50003 SET @saved_cs_client      = @@character_set_client */ ;
/*!50003 SET @saved_cs_results     = @@character_set_results */ ;
/*!50003 SET @saved_col_connection = @@collation_connection */ ;
/*!50003 SET character_set_client  = utf8 */ ;
/*!50003 SET character_set_results = utf8 */ ;
/*!50003 SET collation_connection  = utf8_general_ci */ ;
/*!50003 SET @saved_sql_mode       = @@sql_mode */ ;
/*!50003 SET sql_mode              = 'STRICT_TRANS_TABLES,STRICT_ALL_TABLES,NO_ZERO_IN_DATE,NO_ZERO_DATE,ALLOW_INVALID_DATES,ERROR_FOR_DIVISION_BY_ZERO,TRADITIONAL,NO_AUTO_CREATE_USER,NO_ENGINE_SUBSTITUTION' */ ;
DELIMITER ;;
/*!50003 CREATE*/ /*!50017 DEFINER=`root`@`%`*/ /*!50003 TRIGGER `customer_BEFORE_INSERT` BEFORE INSERT ON customer FOR EACH ROW
-- Edit trigger body code below this line. Do not edit lines above this one
BEGIN
SET new.remove = 0;
END */;;
DELIMITER ;
/*!50003 SET sql_mode              = @saved_sql_mode */ ;
/*!50003 SET character_set_client  = @saved_cs_client */ ;
/*!50003 SET character_set_results = @saved_cs_results */ ;
/*!50003 SET collation_connection  = @saved_col_connection */ ;

--
-- Table structure for table `exchange_rate`
--

DROP TABLE IF EXISTS `exchange_rate`;
/*!40101 SET @saved_cs_client     = @@character_set_client */;
/*!40101 SET character_set_client = utf8 */;
CREATE TABLE `exchange_rate` (
  `id` int(11) NOT NULL AUTO_INCREMENT,
  `USD` decimal(10,2) DEFAULT NULL,
  `LAK` decimal(10,2) DEFAULT NULL,
  `created_at` datetime DEFAULT NULL,
  `updated_at` datetime DEFAULT NULL,
  PRIMARY KEY (`id`)
) ENGINE=InnoDB AUTO_INCREMENT=13 DEFAULT CHARSET=utf8;
/*!40101 SET character_set_client = @saved_cs_client */;

--
-- Dumping data for table `exchange_rate`
--

LOCK TABLES `exchange_rate` WRITE;
/*!40000 ALTER TABLE `exchange_rate` DISABLE KEYS */;
INSERT INTO `exchange_rate` VALUES (8,NULL,250.00,'2015-02-11 15:20:23','2015-02-11 15:20:23'),(9,NULL,250.00,'2015-02-21 00:00:08','2015-02-21 00:00:08'),(10,NULL,250.00,'2015-02-21 10:27:17','2015-02-21 10:27:17'),(11,31.00,250.00,'2015-02-28 13:16:38','2015-02-28 13:16:38'),(12,31.00,250.00,'2015-02-28 13:16:42','2015-02-28 13:16:42');
/*!40000 ALTER TABLE `exchange_rate` ENABLE KEYS */;
UNLOCK TABLES;

--
-- Table structure for table `product`
--

DROP TABLE IF EXISTS `product`;
/*!40101 SET @saved_cs_client     = @@character_set_client */;
/*!40101 SET character_set_client = utf8 */;
CREATE TABLE `product` (
  `id` int(11) NOT NULL AUTO_INCREMENT,
  `title` varchar(145) DEFAULT NULL,
  `unit` varchar(45) DEFAULT NULL,
  `cement_1_kg` decimal(10,2) DEFAULT '0.00',
  `cement_2_kg` decimal(10,2) DEFAULT '0.00',
  `cement_3_kg` decimal(10,2) DEFAULT '0.00',
  `cement_4_kg` decimal(10,2) DEFAULT '0.00',
  `cement_5_kg` decimal(10,2) DEFAULT '0.00',
  `cement_6_kg` decimal(10,2) DEFAULT '0.00',
  `sand_kg` decimal(10,2) DEFAULT '0.00',
  `crashed_stone_kg` decimal(10,2) DEFAULT '0.00',
  `water_litre` decimal(10,2) DEFAULT '0.00',
  `admixture_1_cc` decimal(10,2) DEFAULT '0.00',
  `admixture_2_cc` decimal(10,2) DEFAULT '0.00',
  `admixture_3_cc` decimal(10,2) DEFAULT '0.00',
  `price` decimal(10,2) DEFAULT NULL,
  `currency` varchar(45) DEFAULT NULL,
  `remark_note` text,
  `created_at` datetime DEFAULT NULL,
  `updated_at` datetime DEFAULT NULL,
  `deleted_at` datetime DEFAULT NULL,
  PRIMARY KEY (`id`)
) ENGINE=InnoDB AUTO_INCREMENT=50414 DEFAULT CHARSET=utf8;
/*!40101 SET character_set_client = @saved_cs_client */;

--
-- Dumping data for table `product`
--

LOCK TABLES `product` WRITE;
/*!40000 ALTER TABLE `product` DISABLE KEYS */;
INSERT INTO `product` VALUES (50301,'ສູດປູນ 15 Mpa','m3',250.00,NULL,0.00,0.00,0.00,0.00,780.00,1218.00,155.00,750.00,0.00,0.00,2050.00,'thb',NULL,'2015-02-20 00:41:08','2015-02-20 21:52:29',NULL),(50303,'ສູດປູນ 20 Mpa','m3',325.00,NULL,0.00,0.00,0.00,0.00,764.00,1202.00,150.00,900.00,0.00,0.00,2150.00,'thb',NULL,'2015-02-20 00:42:25','2015-02-20 00:42:25',NULL),(50305,'ສູດປູນ 25 Mpa','m3',350.00,NULL,0.00,0.00,0.00,0.00,733.00,1194.00,150.00,1068.00,0.00,0.00,2200.00,'thb',NULL,'2015-02-20 00:43:08','2015-02-20 00:43:08',NULL),(50307,'ສູດປູນ 30 Mpa','m3',375.00,0.00,0.00,0.00,0.00,0.00,722.00,1189.00,148.00,1144.00,0.00,0.00,2350.00,'thb',NULL,'2015-02-20 00:43:54','2015-03-04 14:50:00',NULL),(50308,'ສູດປູນ 32 Mpa','m3',400.00,0.00,0.00,0.00,0.00,0.00,712.00,1186.00,145.00,1240.00,0.00,0.00,2400.00,'thb',NULL,'2015-02-20 00:44:32','2015-02-20 00:44:32',NULL),(50318,'ສູດປູນ 40 Mpa','m3',460.00,0.00,0.00,0.00,0.00,0.00,690.00,1120.00,169.00,460.00,3680.00,0.00,2900.00,'thb',NULL,'2015-02-20 00:46:28','2015-02-20 00:46:28',NULL),(50319,'ສູດປູນ 45 Mpa','m3',500.00,0.00,0.00,0.00,0.00,0.00,670.00,1120.00,169.00,525.00,3575.00,0.00,3100.00,'thb',NULL,'2015-02-20 00:47:07','2015-02-20 00:47:07',NULL),(50329,'ສູດປູນ 35 Mpa','m3',425.00,0.00,0.00,0.00,0.00,0.00,702.00,1180.00,145.00,1336.00,0.00,0.00,2450.00,'thb',NULL,'2015-02-20 00:45:04','2015-02-20 00:45:04',NULL),(50399,'ສູດປູນ 10 Mpa','m3',225.00,0.00,0.00,0.00,0.00,0.00,772.00,1234.00,160.00,525.00,0.00,0.00,1900.00,'thb',NULL,'2015-02-20 00:40:29','2015-02-28 12:58:22',NULL),(50400,'ສູດປູນ 10 Mpa ( ສູດກັນຊິມ )','m3',225.00,0.00,0.00,0.00,0.00,0.00,772.00,1234.00,160.00,525.00,0.00,0.00,2000.00,'thb',NULL,'2015-02-20 00:40:29','2015-02-28 12:58:22',NULL),(50401,'ສູດປູນ 15 Mpa ( ສູດກັນຊິມ )','m3',250.00,NULL,0.00,0.00,0.00,0.00,780.00,1218.00,155.00,750.00,0.00,0.00,2150.00,'thb',NULL,'2015-02-20 00:41:08','2015-02-20 21:52:29',NULL),(50402,'ສູດປູນ 20 Mpa ( ສູດກັນຊິມ )','m3',325.00,NULL,0.00,0.00,0.00,0.00,764.00,1202.00,150.00,900.00,0.00,0.00,2250.00,'thb',NULL,'2015-02-20 00:42:25','2015-02-20 00:42:25',NULL),(50403,'ສູດປູນ 25 Mpa ( ສູດກັນຊິມ )','m3',350.00,NULL,0.00,0.00,0.00,0.00,733.00,1194.00,150.00,1068.00,0.00,0.00,2300.00,'thb',NULL,'2015-02-20 00:43:08','2015-02-20 00:43:08',NULL),(50404,'ສູດປູນ 30 Mpa ( ສູດກັນຊິມ )','m3',375.00,0.00,0.00,0.00,0.00,0.00,722.00,1189.00,148.00,1144.00,0.00,0.00,2450.00,'thb',NULL,'2015-02-20 00:43:54','2015-02-20 00:43:54',NULL),(50405,'ສູດປູນ 32 Mpa ( ສູດກັນຊິມ )','m3',400.00,0.00,0.00,0.00,0.00,0.00,712.00,1186.00,145.00,1240.00,0.00,0.00,2500.00,'thb',NULL,'2015-02-20 00:44:32','2015-02-20 00:44:32',NULL),(50406,'ສູດປູນ 40 Mpa ( ສູດກັນຊິມ )','m3',460.00,0.00,0.00,0.00,0.00,0.00,690.00,1120.00,169.00,460.00,3680.00,0.00,3000.00,'thb',NULL,'2015-02-20 00:46:28','2015-02-20 00:46:28',NULL),(50407,'ສູດປູນ 45 Mpa ( ສູດກັນຊິມ )','m3',500.00,0.00,0.00,0.00,0.00,0.00,670.00,1120.00,169.00,525.00,3575.00,0.00,3200.00,'thb',NULL,'2015-02-20 00:47:07','2015-02-20 00:47:07',NULL),(50408,'ສູດປູນ 35 Mpaa ( ສູດກັນຊິມ )','m3',425.00,0.00,0.00,0.00,0.00,0.00,702.00,1180.00,145.00,1336.00,0.00,0.00,2550.00,'thb',NULL,'2015-02-20 00:45:04','2015-02-20 00:45:04',NULL),(50409,'ສູດປູນ 35 Mpa ( ຮ35 )','m3',425.00,0.00,0.00,0.00,0.00,0.00,702.00,1180.00,145.00,1336.00,0.00,0.00,2380.00,'thb',NULL,'2015-02-20 00:45:04','2015-02-20 00:45:04',NULL),(50410,'ສູດປູນ 35 Mpa (ສຸດກົນຊຶມ) ຣ35','m3',425.00,0.00,0.00,0.00,0.00,0.00,702.00,1186.00,145.00,1336.00,0.00,0.00,2480.00,'thb',NULL,'2015-03-04 15:14:40','2015-03-04 15:14:40',NULL),(50411,'20Mpa ຈະເລີນຊັບ','m3',325.00,0.00,0.00,0.00,0.00,0.00,764.00,1202.00,150.00,900.00,1068.00,0.00,2050.00,'thb',NULL,'2015-03-06 11:48:41','2015-03-06 11:48:41',NULL),(50412,'30Mpa ຈະເລີນຊັບ','m3',375.00,0.00,0.00,0.00,0.00,0.00,722.00,1189.00,148.00,1144.00,0.00,0.00,2200.00,'thb',NULL,'2015-03-06 11:51:17','2015-03-06 11:51:17',NULL),(50413,'20Mpa ດາວ​ທຽມ','m3',325.00,0.00,0.00,0.00,0.00,0.00,764.00,1202.00,150.00,900.00,0.00,0.00,1950.00,'thb',NULL,'2015-03-10 12:03:36','2015-03-10 12:03:36',NULL);
/*!40000 ALTER TABLE `product` ENABLE KEYS */;
UNLOCK TABLES;

--
-- Table structure for table `service`
--

DROP TABLE IF EXISTS `service`;
/*!40101 SET @saved_cs_client     = @@character_set_client */;
/*!40101 SET character_set_client = utf8 */;
CREATE TABLE `service` (
  `id` int(11) NOT NULL AUTO_INCREMENT,
  `service_name` varchar(545) NOT NULL,
  `price` decimal(10,2) NOT NULL,
  `currency` varchar(5) NOT NULL,
  `unit` varchar(45) NOT NULL,
  `remark` text,
  `created_at` datetime DEFAULT NULL,
  `updated_at` datetime DEFAULT NULL,
  `remove` tinyint(1) DEFAULT NULL,
  PRIMARY KEY (`id`)
) ENGINE=InnoDB AUTO_INCREMENT=8 DEFAULT CHARSET=utf8;
/*!40101 SET character_set_client = @saved_cs_client */;

--
-- Dumping data for table `service`
--

LOCK TABLES `service` WRITE;
/*!40000 ALTER TABLE `service` DISABLE KEYS */;
INSERT INTO `service` VALUES (1,'ຄ່າລົດປ້ຳໃຫຍ່',150.00,'THB','m3','ຕໍ່ຫນື່ງແມັດກ້ອນ','2015-02-08 09:37:47','2015-02-28 13:05:39',1),(2,'Concret Fomular 1234',50.00,'THB','m3','','2015-02-19 21:22:11','2015-02-28 13:05:35',1),(3,'ຄ່າລົດປ້ຳໃຫຍ່ (50m3)',15000.00,'THB','m3','','2015-02-28 13:08:36','2015-02-28 13:08:36',0),(4,'ລົດປ້ຳນ້ອຍ ( 30m3)',5000.00,'THB','m3','','2015-02-28 13:10:09','2015-02-28 13:10:09',0),(5,'ລົດປ້ຳນ້ອຍ ( 50m3)',10000.00,'THB','m3','','2015-02-28 13:11:06','2015-02-28 13:11:06',0),(6,'ລົດປ້ຳໃຫຍ່ ( 100m3)',15000.00,'THB','m3','ຕັງຈະເລີນ','2015-02-28 13:13:41','2015-02-28 13:13:41',0),(7,'ລົດປ້ຳໃຫຍ່ ( 50m3)',10000.00,'THB','m3','','2015-02-28 13:14:52','2015-02-28 13:14:52',0);
/*!40000 ALTER TABLE `service` ENABLE KEYS */;
UNLOCK TABLES;
/*!50003 SET @saved_cs_client      = @@character_set_client */ ;
/*!50003 SET @saved_cs_results     = @@character_set_results */ ;
/*!50003 SET @saved_col_connection = @@collation_connection */ ;
/*!50003 SET character_set_client  = utf8 */ ;
/*!50003 SET character_set_results = utf8 */ ;
/*!50003 SET collation_connection  = utf8_general_ci */ ;
/*!50003 SET @saved_sql_mode       = @@sql_mode */ ;
/*!50003 SET sql_mode              = 'STRICT_TRANS_TABLES,STRICT_ALL_TABLES,NO_ZERO_IN_DATE,NO_ZERO_DATE,ALLOW_INVALID_DATES,ERROR_FOR_DIVISION_BY_ZERO,TRADITIONAL,NO_AUTO_CREATE_USER,NO_ENGINE_SUBSTITUTION' */ ;
DELIMITER ;;
/*!50003 CREATE*/ /*!50017 DEFINER=`root`@`%`*/ /*!50003 TRIGGER `amlaocom_fmg-db`.`service_BEFORE_INSERT` BEFORE INSERT ON `service` FOR EACH ROW
BEGIN
SET new.remove=0;
END */;;
DELIMITER ;
/*!50003 SET sql_mode              = @saved_sql_mode */ ;
/*!50003 SET character_set_client  = @saved_cs_client */ ;
/*!50003 SET character_set_results = @saved_cs_results */ ;
/*!50003 SET collation_connection  = @saved_col_connection */ ;

--
-- Table structure for table `transaction_child`
--

DROP TABLE IF EXISTS `transaction_child`;
/*!40101 SET @saved_cs_client     = @@character_set_client */;
/*!40101 SET character_set_client = utf8 */;
CREATE TABLE `transaction_child` (
  `id` int(11) NOT NULL AUTO_INCREMENT,
  `transaction_parent_id` int(11) NOT NULL,
  `issue_slip_id` varchar(45) DEFAULT NULL,
  `issue_date` datetime DEFAULT NULL,
  `product_id` int(11) DEFAULT NULL,
  `service_id` int(11) DEFAULT NULL,
  `quality` decimal(10,2) DEFAULT NULL,
  `price` int(11) DEFAULT NULL,
  `total` int(11) DEFAULT NULL,
  `remark` varchar(145) DEFAULT NULL,
  `truck_number` varchar(45) DEFAULT NULL,
  `created_at` datetime DEFAULT NULL,
  `updated_at` varchar(45) DEFAULT NULL,
  `deleted_at` datetime DEFAULT NULL,
  `user_id` int(11) DEFAULT NULL,
  PRIMARY KEY (`id`),
  KEY `fk_transaction_child_transaction_parent1_idx` (`transaction_parent_id`),
  CONSTRAINT `fk_transaction_child_transaction_parent1` FOREIGN KEY (`transaction_parent_id`) REFERENCES `transaction_parent` (`id`) ON DELETE NO ACTION ON UPDATE NO ACTION
) ENGINE=InnoDB AUTO_INCREMENT=245 DEFAULT CHARSET=utf8;
/*!40101 SET character_set_client = @saved_cs_client */;

--
-- Dumping data for table `transaction_child`
--

LOCK TABLES `transaction_child` WRITE;
/*!40000 ALTER TABLE `transaction_child` DISABLE KEYS */;
INSERT INTO `transaction_child` VALUES (81,1033,'BF254888','2015-02-02 12:00:00',50314,NULL,20.00,NULL,44000,NULL,NULL,'2015-02-28 09:05:27','2015-02-28 09:12:27','2015-02-28 09:12:27',NULL),(82,1033,'BF54888','2015-02-10 12:00:00',50319,NULL,20.00,3100,62000,NULL,NULL,'2015-02-28 09:06:46','2015-02-28 09:10:57','2015-02-28 09:10:57',NULL),(83,1034,'BF1544','2015-02-11 12:00:00',50313,NULL,10.00,NULL,21500,NULL,NULL,'2015-02-28 09:07:20','2015-02-28 09:11:07','2015-02-28 09:11:07',NULL),(84,1034,'BF558844','2015-01-02 12:00:00',50314,NULL,10.00,NULL,22000,NULL,NULL,'2015-02-28 09:11:23','2015-02-28 13:30:57','2015-02-28 13:30:57',NULL),(85,1035,'BF',NULL,50303,NULL,10.00,2150,21500,NULL,NULL,'2015-02-28 13:20:12','2015-02-28 13:31:15','2015-02-28 13:31:15',NULL),(86,1036,'BF005515','2015-01-02 12:00:00',50329,NULL,9.00,2450,22050,NULL,'10','2015-02-28 13:35:13','2015-03-04 15:02:59','2015-03-04 15:02:59',NULL),(87,1036,'BF005516','2015-01-02 09:57:00',50329,NULL,9.00,2450,22050,NULL,'04','2015-02-28 13:37:58','2015-03-04 15:02:59','2015-03-04 15:02:59',NULL),(88,1036,'BF005518','2015-01-02 10:18:00',50329,NULL,8.00,2450,19600,NULL,'05','2015-02-28 13:38:48','2015-03-04 15:02:59','2015-03-04 15:02:59',NULL),(89,1036,'BF005519','2015-01-02 10:26:00',50329,NULL,8.00,2450,19600,'','08','2015-02-28 13:39:20','2015-03-04 15:02:59','2015-03-04 15:02:59',NULL),(90,1036,'BF005520','2015-01-02 10:34:00',50329,NULL,8.00,2450,19600,'','01','2015-02-28 13:39:40','2015-03-04 15:02:59','2015-03-04 15:02:59',NULL),(91,1036,'BF005527','2015-01-02 13:27:00',50329,NULL,9.00,2450,22050,'','05','2015-02-28 13:40:09','2015-03-04 15:02:59','2015-03-04 15:02:59',NULL),(92,1036,'BF005528','2015-01-02 10:34:00',50329,NULL,9.00,2450,22050,NULL,'08','2015-02-28 13:40:34','2015-03-04 15:02:59','2015-03-04 15:02:59',NULL),(93,1036,'BF005529','2015-01-02 13:47:00',50329,NULL,8.00,2450,19600,NULL,'09','2015-02-28 13:40:53','2015-03-04 15:02:59','2015-03-04 15:02:59',NULL),(94,1036,'BF005530','2015-01-02 10:34:00',50329,NULL,8.00,2450,19600,'','01','2015-02-28 13:41:11','2015-03-04 15:02:59','2015-03-04 15:02:59',NULL),(95,1036,'BF005531','2015-01-02 14:06:00',50329,NULL,8.00,2450,19600,'','06','2015-02-28 13:41:27','2015-03-04 15:02:59','2015-03-04 15:02:59',NULL),(96,1037,'BF005517','2015-01-02 10:08:00',50307,NULL,4.50,2350,10575,NULL,NULL,'2015-02-28 13:49:54','2015-02-28 13:49:54',NULL,NULL),(97,1040,'BF005523','2015-01-02 11:09:00',50305,NULL,6.00,2200,13200,NULL,NULL,'2015-02-28 13:53:04','2015-02-28 13:53:04',NULL,NULL),(98,1042,'BF005521','2015-01-02 10:47:00',50307,NULL,10.00,2350,23500,NULL,NULL,'2015-02-28 15:48:18','2015-02-28 15:48:18',NULL,NULL),(99,1042,'BF005522','2015-01-02 10:57:00',50307,NULL,9.50,2350,22325,NULL,NULL,'2015-02-28 15:49:08','2015-02-28 15:49:08',NULL,NULL),(100,1042,'BF005524','2015-01-02 11:19:00',50307,NULL,10.00,2350,23500,NULL,NULL,'2015-02-28 15:49:39','2015-02-28 15:49:39',NULL,NULL),(101,1042,'BF005525','2015-01-02 11:51:00',50307,NULL,10.00,2350,23500,NULL,NULL,'2015-02-28 15:49:58','2015-02-28 15:49:58',NULL,NULL),(102,1042,'BF005526','2015-01-02 12:00:00',50307,NULL,9.50,2350,22325,NULL,NULL,'2015-02-28 15:50:25','2015-02-28 15:50:25',NULL,NULL),(103,1042,'BF005532','2015-01-02 16:54:00',50307,NULL,5.00,2350,11750,NULL,NULL,'2015-02-28 15:50:58','2015-02-28 15:50:58',NULL,NULL),(104,1042,'BF005533','2015-01-02 12:00:00',50404,NULL,9.50,2450,23275,NULL,NULL,'2015-02-28 15:51:27','2015-02-28 15:51:27',NULL,NULL),(105,1042,'BF005534','2015-01-02 18:17:00',50404,NULL,9.50,2450,23275,NULL,NULL,'2015-02-28 15:51:51','2015-02-28 15:51:51',NULL,NULL),(106,1042,'BF005535','2015-01-02 18:28:00',50404,NULL,9.50,2450,23275,NULL,NULL,'2015-02-28 15:52:18','2015-02-28 15:52:18',NULL,NULL),(107,1042,'BF005536','2015-01-02 18:38:00',50404,NULL,9.50,2450,23275,NULL,NULL,'2015-02-28 15:52:42','2015-02-28 15:52:42',NULL,NULL),(108,1042,'BF005537','2015-01-02 18:52:00',50404,NULL,9.50,2450,23275,NULL,NULL,'2015-02-28 15:53:09','2015-02-28 15:53:09',NULL,NULL),(109,1042,'BF005538','2015-01-02 19:45:00',50404,NULL,9.50,2450,23275,NULL,NULL,'2015-02-28 15:53:50','2015-02-28 15:53:50',NULL,NULL),(110,1042,'BF005539','2015-01-02 20:00:00',50404,NULL,9.50,2450,23275,NULL,NULL,'2015-02-28 15:54:17','2015-02-28 15:54:17',NULL,NULL),(111,1042,'BF005540','2015-01-02 20:09:00',50404,NULL,9.50,2450,23275,NULL,NULL,'2015-02-28 15:54:50','2015-02-28 15:54:50',NULL,NULL),(112,1042,'BF005541','2015-01-02 20:21:00',50404,NULL,9.50,2450,23275,NULL,NULL,'2015-02-28 15:55:16','2015-02-28 15:55:16',NULL,NULL),(113,1042,'BF005542','2015-01-02 20:30:00',50404,NULL,9.50,2450,23275,NULL,NULL,'2015-02-28 15:55:51','2015-02-28 15:55:51',NULL,NULL),(114,1042,'BF005543','2015-01-02 21:17:00',50404,NULL,7.00,2450,17150,NULL,NULL,'2015-02-28 15:56:18','2015-02-28 15:56:18',NULL,NULL),(115,1043,'BF005544','2015-01-02 08:52:00',50408,NULL,9.50,2550,24225,NULL,'FMG-06','2015-03-04 15:07:44','2015-03-04 15:15:33','2015-03-04 15:15:33',NULL),(116,1043,'BF005544','2015-01-02 12:00:00',50410,NULL,9.50,2480,23560,NULL,'FMG-06','2015-03-04 15:17:00','2015-03-04 15:17:00',NULL,NULL),(117,1043,'BF005545','2015-01-02 09:13:00',50410,NULL,9.50,2480,23560,NULL,'FMG-07','2015-03-04 15:18:13','2015-03-04 15:18:13',NULL,NULL),(118,1043,'BF005546','2015-01-02 09:31:00',50410,NULL,9.50,2480,23560,NULL,'FMG-09','2015-03-04 16:04:24','2015-03-04 16:04:24',NULL,NULL),(119,1043,'BF005547','2015-01-02 09:43:00',50410,NULL,9.50,2480,23560,NULL,'FMG-05','2015-03-04 16:05:26','2015-03-04 16:05:26',NULL,NULL),(120,1043,'BF005548','2015-01-02 09:55:00',50410,NULL,9.50,2480,23560,NULL,'FMG-01','2015-03-04 16:06:19','2015-03-04 16:06:19',NULL,NULL),(121,1043,'BF005549','2015-01-02 10:05:00',50410,NULL,9.50,2480,23560,NULL,'FMG-08','2015-03-04 16:07:15','2015-03-04 16:07:15',NULL,NULL),(122,1043,'BF005550','2015-01-02 10:17:00',50410,NULL,9.00,2480,22320,NULL,'FMG-03','2015-03-04 16:08:04','2015-03-04 16:08:04',NULL,NULL),(123,1043,'BF005551','2015-01-02 10:28:00',50410,NULL,9.00,2480,22320,NULL,'FMG-02','2015-03-04 16:09:16','2015-03-04 16:09:16',NULL,NULL),(124,1043,'BF005554','2015-01-02 10:42:00',50410,NULL,9.00,2480,22320,NULL,'FMG-06','2015-03-04 16:10:06','2015-03-04 16:10:06',NULL,NULL),(125,1044,'BF005824','2015-01-16 09:46:00',50329,NULL,8.50,2450,20825,NULL,'FMG-05','2015-03-05 15:55:29','2015-03-05 15:56:23','2015-03-05 15:56:23',NULL),(126,1046,'BF005824','2015-01-16 09:46:00',50409,NULL,8.50,2380,20230,'','FMG-05','2015-03-05 16:11:37','2015-03-05 16:15:16','2015-03-05 16:15:16',NULL),(127,1046,'BF005825','2015-01-16 09:57:00',50409,NULL,8.50,2380,20230,NULL,'FMG-08','2015-03-05 16:12:16','2015-03-05 16:15:16','2015-03-05 16:15:16',NULL),(128,1046,'BF005826','2015-01-16 10:05:00',50409,NULL,8.50,2380,20230,NULL,'FMG-04','2015-03-05 16:13:17','2015-03-05 16:15:16','2015-03-05 16:15:16',NULL),(129,1047,'BF005824','2015-01-16 09:46:00',50409,NULL,8.50,2380,20230,NULL,'FMG-05','2015-03-05 16:18:22','2015-03-05 16:18:22',NULL,NULL),(130,1047,'BF005825','2015-01-16 09:57:00',50409,NULL,8.50,2380,20230,NULL,'FMG-08','2015-03-05 16:18:55','2015-03-05 16:18:55',NULL,NULL),(131,1047,'BF005826','2015-01-16 10:05:00',50409,NULL,8.50,2380,20230,NULL,'FMG-04','2015-03-05 16:19:39','2015-03-05 16:19:39',NULL,NULL),(132,1047,'BF005827','2015-01-16 10:15:00',50409,NULL,8.50,2380,20230,NULL,'FMG-03','2015-03-05 16:20:16','2015-03-05 16:20:16',NULL,NULL),(133,1047,'BF005828','2015-01-16 10:28:00',50409,NULL,8.00,2380,19040,NULL,'FMG-01','2015-03-05 16:21:06','2015-03-05 16:21:06',NULL,NULL),(134,1047,'BF005829','2015-01-16 13:01:00',50409,NULL,8.50,2380,20230,NULL,'FMG-08','2015-03-05 16:22:05','2015-03-05 16:22:05',NULL,NULL),(135,1047,'BF005830','2015-01-16 13:11:00',50409,NULL,8.50,2380,20230,NULL,'FMG-04','2015-03-05 16:22:50','2015-03-05 16:22:50',NULL,NULL),(136,1047,'BF005831','2015-01-16 10:28:00',50409,NULL,8.50,2380,20230,NULL,'FMG-05','2015-03-05 16:23:23','2015-03-05 16:23:23',NULL,NULL),(137,1047,'BF005832','2015-01-16 10:37:00',50409,NULL,8.50,2380,20230,NULL,'FMG-01','2015-03-05 16:24:38','2015-03-05 16:24:38',NULL,NULL),(138,1047,'BF005833','2015-01-16 14:35:00',50409,NULL,8.00,2380,19040,NULL,'FMG-07','2015-03-05 16:25:54','2015-03-05 16:25:54',NULL,NULL),(139,1047,'BF005834','2015-01-16 17:25:00',50409,NULL,9.50,2380,22610,NULL,'FMG-08','2015-03-05 16:28:07','2015-03-05 16:28:07',NULL,NULL),(140,1047,'BF005835','2015-01-16 17:39:00',50409,NULL,9.50,2380,22610,NULL,'FMG-04','2015-03-05 16:30:06','2015-03-05 16:30:06',NULL,NULL),(141,1047,'BF005836','2015-01-16 17:49:00',50409,NULL,9.50,2380,22610,NULL,'FMG-06','2015-03-05 16:30:45','2015-03-05 16:30:45',NULL,NULL),(142,1047,'BF005837','2015-01-16 18:01:00',50409,NULL,9.50,2380,22610,NULL,'FMG-01','2015-03-05 16:31:22','2015-03-05 16:31:22',NULL,NULL),(143,1047,'BF005838','2015-01-16 18:14:00',50409,NULL,9.50,2380,22610,NULL,'FMG-02','2015-03-05 16:31:53','2015-03-05 16:31:53',NULL,NULL),(144,1047,'BF005839','2015-01-16 18:26:00',50409,NULL,9.50,2380,22610,NULL,'FMG-07','2015-03-05 16:32:32','2015-03-05 16:32:32',NULL,NULL),(145,1047,'BF005840','2015-01-16 18:37:00',50409,NULL,9.00,2380,21420,NULL,'FMG-03','2015-03-05 16:33:01','2015-03-05 16:33:01',NULL,NULL),(146,1047,'BF005841','2015-01-16 18:47:00',50409,NULL,9.00,2380,21420,NULL,'FMG-05','2015-03-05 16:33:29','2015-03-05 16:33:29',NULL,NULL),(147,1047,'BF005842','2015-01-16 19:02:00',50409,NULL,9.00,2380,21420,NULL,'FMG-09','2015-03-05 16:34:01','2015-03-05 16:34:01',NULL,NULL),(148,1048,'BF005843','2015-01-17 13:24:00',50307,NULL,10.00,2350,23500,'','FMG-06','2015-03-06 10:34:33','2015-03-07 11:25:15',NULL,NULL),(149,1048,'BF005844','2015-01-17 13:34:00',50307,NULL,10.00,2350,23500,NULL,'FMG-09','2015-03-06 10:35:06','2015-03-06 10:35:06',NULL,NULL),(150,1048,'BF005845','2015-01-17 13:43:00',50307,NULL,10.00,2350,23500,NULL,'FMG-10','2015-03-06 10:35:42','2015-03-06 10:35:42',NULL,NULL),(151,1048,'BF005846','2015-01-17 14:11:00',50307,NULL,10.00,2350,23500,NULL,'FMG-06','2015-03-06 10:36:34','2015-03-06 10:36:34',NULL,NULL),(152,1048,'BF005848','2015-01-17 15:11:00',50307,NULL,10.00,2350,23500,NULL,'FMG-09','2015-03-06 10:38:28','2015-03-06 10:38:28',NULL,NULL),(153,1048,'BF005850','2015-01-17 15:59:00',50307,NULL,4.00,2350,9400,NULL,'FMG-09','2015-03-06 10:39:40','2015-03-06 10:39:40',NULL,NULL),(154,1049,'BF005847','2015-01-17 14:30:00',50303,NULL,10.00,2150,21500,NULL,'FMG-05','2015-03-06 10:45:45','2015-03-06 10:45:45',NULL,NULL),(155,1050,'BF005849','2015-01-17 15:21:00',50303,NULL,4.50,2150,9675,NULL,'FMG-06','2015-03-06 10:50:14','2015-03-06 10:50:14',NULL,NULL),(156,1052,'BF005851','2015-01-18 09:10:00',50329,NULL,9.00,2450,22050,NULL,'FMG-06','2015-03-07 12:43:52','2015-03-07 12:44:23','2015-03-07 12:44:23',NULL),(157,1052,'BF005851','2015-01-18 09:10:00',50409,NULL,9.00,2380,21420,NULL,'FMG-06','2015-03-07 12:46:02','2015-03-07 12:46:02',NULL,NULL),(158,1052,'BF005853','2015-01-18 10:10:00',50409,NULL,9.00,2380,21420,NULL,'FMG-04','2015-03-07 12:46:55','2015-03-07 12:46:55',NULL,NULL),(159,1052,'BF005854','2015-01-18 10:19:00',50409,NULL,8.00,2380,19040,NULL,'FMG-05','2015-03-07 12:48:43','2015-03-07 12:48:43',NULL,NULL),(160,1052,'BF005855','2015-01-18 10:26:00',50409,NULL,8.00,2380,19040,NULL,'FMG-03','2015-03-07 12:49:54','2015-03-07 12:49:54',NULL,NULL),(161,1052,'BF005856','2015-01-18 10:38:00',50409,NULL,7.50,2380,17850,NULL,'FMG-09','2015-03-07 12:50:36','2015-03-07 12:50:36',NULL,NULL),(162,1052,'BF005860','2015-01-18 13:04:00',50409,NULL,9.00,2380,21420,NULL,'FMG-03','2015-03-07 12:51:13','2015-03-07 12:51:13',NULL,NULL),(163,1052,'BF005861','2015-01-18 13:25:00',50409,NULL,8.50,2380,20230,NULL,'FMG-06','2015-03-07 12:52:24','2015-03-07 12:52:24',NULL,NULL),(164,1052,'BF005862','2015-01-18 13:52:00',50409,NULL,8.00,2380,19040,NULL,'FMG-8','2015-03-07 12:52:55','2015-03-07 12:52:55',NULL,NULL),(165,1052,'BF005863','2015-01-18 14:12:00',50409,NULL,8.00,2380,19040,NULL,'FMG-09','2015-03-07 12:53:29','2015-03-07 12:53:29',NULL,NULL),(166,1052,'BF005864','2015-01-18 14:39:00',50409,NULL,8.00,2380,19040,NULL,'FMG-07','2015-03-07 12:54:02','2015-03-07 12:54:02',NULL,NULL),(167,1052,'BF005868','2015-01-18 16:18:00',50409,NULL,9.00,2380,21420,NULL,'FMG-05','2015-03-07 12:54:39','2015-03-07 12:54:39',NULL,NULL),(168,1052,'BF005869','2015-01-18 16:27:00',50409,NULL,8.50,2380,20230,NULL,'FMG-06','2015-03-07 12:55:13','2015-03-07 12:55:13',NULL,NULL),(169,1052,'BF005871','2015-01-18 16:48:00',50409,NULL,8.00,2380,19040,'','FMG-07','2015-03-07 12:55:57','2015-03-07 12:58:47',NULL,NULL),(170,1052,'BF005872','2015-01-18 17:00:00',50409,NULL,8.00,2380,19040,NULL,'FMG-09','2015-03-07 12:57:18','2015-03-07 12:57:18',NULL,NULL),(171,1052,'BF005874','2015-01-18 17:51:00',50409,NULL,8.00,2380,19040,NULL,'FMG-04','2015-03-07 12:57:56','2015-03-07 12:57:56',NULL,NULL),(172,1053,'BF225867','2015-01-18 16:09:00',50305,NULL,8.00,2200,17600,'','FMG-14','2015-03-07 13:10:51','2015-03-07 13:18:49',NULL,NULL),(173,1053,'BF005873','2015-01-18 17:43:00',50305,NULL,8.00,2200,17600,NULL,'FMG-14','2015-03-07 13:11:30','2015-03-07 13:11:30',NULL,NULL),(174,1053,'BF005875','2015-01-18 18:00:00',50305,NULL,7.00,2200,15400,NULL,'FMG-11','2015-03-07 13:12:08','2015-03-07 13:12:08',NULL,NULL),(175,1052,'BF005749','2015-01-12 09:05:00',50329,NULL,9.00,2450,22050,'','FMG-06','2015-03-07 13:12:54','2015-03-07 13:53:32','2015-03-07 13:53:32',NULL),(176,1053,NULL,NULL,NULL,4,23.00,5000,115000,'',NULL,'2015-03-07 13:12:58','2015-03-07 13:14:00','2015-03-07 13:14:00',13),(177,1052,'BF005750','2015-01-12 09:22:00',50329,NULL,9.00,2450,22050,'','FMG-09','2015-03-07 13:13:37','2015-03-07 13:53:17','2015-03-07 13:53:17',NULL),(178,1052,'BF005751','2015-01-12 09:32:00',50329,NULL,9.00,2450,22050,'','FMG-10','2015-03-07 13:14:07','2015-03-07 13:53:03','2015-03-07 13:53:03',NULL),(179,1052,'BF005752','2015-01-12 09:43:00',50329,NULL,9.50,2450,23275,'','FMG-05','2015-03-07 13:14:36','2015-03-07 13:52:36','2015-03-07 13:52:36',NULL),(180,1052,'BF005753','2015-01-12 09:56:00',50329,NULL,9.00,2450,22050,'','FMG-01','2015-03-07 13:15:22','2015-03-07 13:50:53','2015-03-07 13:50:53',NULL),(181,1052,'BF005754','2015-03-12 10:08:00',50329,NULL,9.50,2450,23275,NULL,'FMG-07','2015-03-07 13:16:01','2015-03-07 13:51:12','2015-03-07 13:51:12',NULL),(182,1052,'BF005755','2015-03-12 10:21:00',50329,NULL,9.50,2450,23275,NULL,'FMG-04','2015-03-07 13:16:39','2015-03-07 13:51:40','2015-03-07 13:51:40',NULL),(183,1052,'BF005756','2015-03-12 10:34:00',50329,NULL,9.00,2450,22050,NULL,'FMG-03','2015-03-07 13:17:07','2015-03-07 13:51:57','2015-03-07 13:51:57',NULL),(184,1052,'BF005757','2015-03-12 10:47:00',50329,NULL,9.50,2450,23275,NULL,'FMG-02','2015-03-07 13:17:37','2015-03-07 13:52:13','2015-03-07 13:52:13',NULL),(185,1050,'BF005758','2015-01-12 12:00:00',50303,NULL,4.50,2150,9675,'','FMG-06','2015-03-07 13:18:42','2015-03-07 13:26:26',NULL,NULL),(186,1053,NULL,NULL,NULL,4,23.00,5000,115000,'',NULL,'2015-03-07 13:19:32','2015-03-07 13:21:56','2015-03-07 13:21:56',13),(187,1053,NULL,NULL,NULL,4,1.00,5000,5000,'',NULL,'2015-03-07 13:24:48','2015-03-07 13:27:08',NULL,13),(188,1057,'BF005558','2015-01-05 09:28:00',50409,NULL,9.00,2380,21420,'','FMG-09','2015-03-10 11:01:30','2015-03-10 15:40:51',NULL,NULL),(189,1052,'BF005749','2015-01-12 09:05:00',50409,NULL,9.00,2380,21420,NULL,'FMG-06','2015-03-10 11:01:44','2015-03-10 11:25:10','2015-03-10 11:25:10',NULL),(190,1052,'BF005750','2015-01-12 09:32:00',50409,NULL,9.00,2380,21420,NULL,'FMG-10','2015-03-10 11:03:23','2015-03-10 11:28:05','2015-03-10 11:28:05',NULL),(191,1052,'BF005752','2015-01-12 09:34:00',50409,NULL,9.50,2380,22610,NULL,'FMG-05','2015-03-10 11:05:05','2015-03-10 11:27:49','2015-03-10 11:27:49',NULL),(192,1052,'BF005753','2015-01-12 09:56:00',50409,NULL,9.00,2380,21420,NULL,'FMG-01','2015-03-10 11:06:00','2015-03-10 11:27:28','2015-03-10 11:27:28',NULL),(193,1052,'BF005754','2015-01-12 10:08:00',50409,NULL,9.50,2380,22610,NULL,'FMG-07','2015-03-10 11:06:54','2015-03-10 11:27:11','2015-03-10 11:27:11',NULL),(194,1052,'BF005755','2015-01-12 10:21:00',50409,NULL,9.50,2380,22610,NULL,'FMG-04','2015-03-10 11:07:33','2015-03-10 11:25:33','2015-03-10 11:25:33',NULL),(195,1052,'BF005756','2015-01-12 10:34:00',50409,NULL,9.00,2380,21420,NULL,'FMG-03','2015-03-10 11:08:12','2015-03-10 11:26:04','2015-03-10 11:26:04',NULL),(196,1052,'BF005757','2015-01-12 10:47:00',50409,NULL,9.50,2380,22610,NULL,'FMG-02','2015-03-10 11:09:07','2015-03-10 11:26:24','2015-03-10 11:26:24',NULL),(197,1052,'BF005758','2015-01-12 11:33:00',50409,NULL,4.50,2380,10710,NULL,'FMG-06','2015-03-10 11:09:39','2015-03-10 11:26:43','2015-03-10 11:26:43',NULL),(198,1059,'BF005721','2015-01-10 10:29:00',50409,NULL,9.00,2380,21420,NULL,'FMG-10','2015-03-10 11:32:29','2015-03-10 11:32:29',NULL,NULL),(199,1061,'BF005693','2015-01-09 08:36:00',50303,NULL,4.50,2150,9675,NULL,'FMG-03','2015-03-10 11:41:37','2015-03-10 11:41:37',NULL,NULL),(200,1058,'BF005749','2015-01-12 09:05:00',50409,NULL,9.00,2380,21420,NULL,'FMG-06','2015-03-10 11:49:54','2015-03-14 10:26:51','2015-03-14 10:26:51',NULL),(201,1058,'BF005750','2015-01-12 09:22:00',50409,NULL,9.00,2380,21420,NULL,'FMG-09','2015-03-10 11:50:46','2015-03-14 10:26:51','2015-03-14 10:26:51',NULL),(202,1058,'BF005751','2015-01-12 09:32:00',50409,NULL,9.00,2380,21420,NULL,'FMG-10','2015-03-10 11:51:15','2015-03-14 10:26:51','2015-03-14 10:26:51',NULL),(203,1058,'BF005752','2015-01-12 09:43:00',50409,NULL,9.50,2380,22610,NULL,'FMG-05','2015-03-10 11:52:24','2015-03-14 10:26:51','2015-03-14 10:26:51',NULL),(204,1058,'BF005753','2015-01-12 09:56:00',50409,NULL,9.00,2380,21420,NULL,'FMG-01','2015-03-10 11:52:59','2015-03-14 10:26:51','2015-03-14 10:26:51',NULL),(205,1058,'BF005754','2015-01-12 10:08:00',50409,NULL,9.50,2380,22610,NULL,'FMG-07','2015-03-10 11:53:46','2015-03-14 10:26:51','2015-03-14 10:26:51',NULL),(206,1058,'BF005755','2015-01-12 10:21:00',50409,NULL,9.50,2380,22610,NULL,'FMG-04','2015-03-10 11:55:08','2015-03-14 10:26:51','2015-03-14 10:26:51',NULL),(207,1058,'BF005756','2015-01-12 10:34:00',50409,NULL,9.00,2380,21420,NULL,'FMG-03','2015-03-10 11:55:37','2015-03-14 10:26:51','2015-03-14 10:26:51',NULL),(208,1058,'BF005757','2015-01-12 10:47:00',50409,NULL,9.50,2380,22610,NULL,'FMG-02','2015-03-10 11:58:37','2015-03-14 10:26:51','2015-03-14 10:26:51',NULL),(209,1065,'BF005792','2015-01-13 05:11:00',50413,NULL,4.50,1950,8775,NULL,'FMG-06','2015-03-10 12:25:35','2015-03-10 12:25:35',NULL,NULL),(210,1065,'BF005781','2015-01-13 09:54:00',50413,NULL,4.50,1950,8775,NULL,'FMG-06','2015-03-10 12:26:39','2015-03-10 12:26:39',NULL,NULL),(211,1066,'BF005776','2015-01-13 09:07:00',50409,NULL,8.50,2380,20230,NULL,'FMG-8','2015-03-10 12:30:44','2015-03-10 12:30:44',NULL,NULL),(212,1066,'BF005777','2015-01-13 09:16:00',50409,NULL,9.00,2380,21420,NULL,'FMG-07','2015-03-10 12:31:13','2015-03-10 12:31:13',NULL,NULL),(213,1066,'BF005778','2015-01-13 09:25:00',50409,NULL,8.00,2380,19040,NULL,'FMG-10','2015-03-10 12:31:45','2015-03-10 12:31:45',NULL,NULL),(214,1066,'BF005779','2015-01-13 09:35:00',50409,NULL,8.00,2380,19040,NULL,'FMG-05','2015-03-10 12:32:07','2015-03-10 12:32:07',NULL,NULL),(215,1066,'BF005780','2015-01-13 09:44:00',50409,NULL,8.00,2380,19040,NULL,'FMG-02','2015-03-10 12:32:46','2015-03-10 12:32:46',NULL,NULL),(216,1066,'BF005787','2015-01-13 02:53:00',50409,NULL,8.50,2380,20230,NULL,'FMG-07','2015-03-10 12:33:45','2015-03-10 12:33:45',NULL,NULL),(217,1066,'BF005788','2015-01-13 03:02:00',50409,NULL,9.00,2380,21420,NULL,'FMG-10','2015-03-10 12:34:23','2015-03-10 12:34:23',NULL,NULL),(218,1066,'BF005789','2015-01-13 03:13:00',50409,NULL,8.00,2380,19040,NULL,'FMG-02','2015-03-10 12:34:48','2015-03-10 12:34:48',NULL,NULL),(219,1066,'BF005790','2015-01-13 03:21:00',50409,NULL,8.00,2380,19040,NULL,'FMG-05','2015-03-10 12:35:13','2015-03-10 12:35:13',NULL,NULL),(220,1066,'BF005791','2015-01-13 03:31:00',50409,NULL,8.00,2380,19040,NULL,'FMG-01','2015-03-10 12:36:01','2015-03-10 12:36:01',NULL,NULL),(221,1067,'BF005783','2015-01-13 10:41:00',50412,NULL,10.00,2200,22000,NULL,'FMG-04','2015-03-10 12:39:01','2015-03-10 12:39:01',NULL,NULL),(222,1067,'BF005784','2015-01-13 11:33:00',50412,NULL,10.00,2200,22000,NULL,'FMG-03','2015-03-10 12:39:34','2015-03-10 12:39:34',NULL,NULL),(223,1067,'BF005785','2015-01-13 01:51:00',50412,NULL,10.00,2200,22000,NULL,'FMG-09','2015-03-10 12:40:22','2015-03-10 12:40:22',NULL,NULL),(224,1057,'BF005559','2015-01-05 09:39:00',50409,NULL,9.00,2380,21420,NULL,'FMG-08','2015-03-10 15:16:55','2015-03-10 15:16:55',NULL,NULL),(225,1057,'BF005560','2015-01-05 09:48:00',50409,NULL,8.00,2380,19040,NULL,'FMG-05','2015-03-10 15:18:02','2015-03-10 15:18:02',NULL,NULL),(226,1057,'BF005561','2015-01-05 09:56:00',50409,NULL,8.00,2380,19040,NULL,'FMG-06','2015-03-10 15:19:40','2015-03-10 15:19:40',NULL,NULL),(227,1057,'BF005562','2015-01-05 10:08:00',50409,NULL,8.00,2380,19040,NULL,'FMG-01','2015-03-10 15:20:13','2015-03-10 15:20:13',NULL,NULL),(228,1057,'BF005563','2015-01-05 11:12:00',50409,NULL,9.00,2380,21420,NULL,'FMG-07','2015-03-10 15:21:06','2015-03-10 15:21:06',NULL,NULL),(229,1057,'BF005564','2015-01-05 11:21:00',50409,NULL,9.00,2380,21420,NULL,'FMG-02','2015-03-10 15:21:46','2015-03-10 15:21:46',NULL,NULL),(230,1057,'BF005565','2015-01-05 11:30:00',50409,NULL,8.00,2380,19040,NULL,'FMG-04','2015-03-10 15:22:19','2015-03-10 15:22:19',NULL,NULL),(231,1057,'BF005566','2015-01-05 11:38:00',50409,NULL,8.00,2380,19040,NULL,'FMG-03','2015-03-10 15:22:54','2015-03-10 15:22:54',NULL,NULL),(232,1068,'BF005866','2015-01-18 15:50:00',50305,NULL,10.00,2200,22000,NULL,'FMG-03','2015-03-10 15:23:27','2015-03-10 15:23:27',NULL,NULL),(233,1057,'BF005567','2015-01-05 11:49:00',50409,NULL,8.00,2380,19040,NULL,'FMG-10','2015-03-10 15:23:27','2015-03-10 15:23:27',NULL,NULL),(234,1068,'BF005876','2015-01-18 18:42:00',50305,NULL,1.50,2200,3300,NULL,'FMG-05','2015-03-10 15:24:25','2015-03-10 15:24:25',NULL,NULL),(235,1068,NULL,NULL,NULL,4,1.00,5000,5000,'',NULL,'2015-03-10 15:25:41','2015-03-10 15:25:41',NULL,13),(236,1057,'BF005578','2015-01-05 17:46:00',50409,NULL,9.00,2380,21420,'','FMG-05','2015-03-10 15:28:00','2015-03-10 15:39:32',NULL,NULL),(237,1057,'BF005579','2015-01-05 17:55:00',50409,NULL,9.00,2380,21420,NULL,'FMG-09','2015-03-10 15:38:48','2015-03-10 15:38:48',NULL,NULL),(238,1057,'BF005580','2015-01-05 18:04:00',50409,NULL,9.00,2380,21420,NULL,'FMG-06','2015-03-10 16:09:58','2015-03-10 16:09:58',NULL,NULL),(239,1057,'BF005581','2015-01-05 18:28:00',50409,NULL,9.50,2380,22610,NULL,'FMG-04','2015-03-10 16:10:55','2015-03-10 16:10:55',NULL,NULL),(240,1057,'BF005582','2015-01-05 12:00:00',50409,NULL,9.50,2380,22610,NULL,'FMG-03','2015-03-10 16:11:23','2015-03-10 16:11:23',NULL,NULL),(241,1057,'BF005583','2015-01-05 18:53:00',50409,NULL,9.50,2380,22610,'','FMG-01','2015-03-10 16:12:02','2015-03-10 16:13:37',NULL,NULL),(242,1057,'BF005584','2015-01-05 20:35:00',50409,NULL,9.50,2380,22610,NULL,'FMG-05','2015-03-10 16:13:02','2015-03-10 16:13:02',NULL,NULL),(243,1057,'BF005585','2015-01-05 20:47:00',50409,NULL,9.50,2380,22610,NULL,'FMG-09','2015-03-10 16:14:30','2015-03-10 16:14:30',NULL,NULL),(244,1057,'BF005586','2015-01-05 12:00:00',50409,NULL,9.50,2380,22610,NULL,'FMG-06','2015-03-10 16:14:59','2015-03-10 16:14:59',NULL,NULL);
/*!40000 ALTER TABLE `transaction_child` ENABLE KEYS */;
UNLOCK TABLES;

--
-- Table structure for table `transaction_parent`
--

DROP TABLE IF EXISTS `transaction_parent`;
/*!40101 SET @saved_cs_client     = @@character_set_client */;
/*!40101 SET character_set_client = utf8 */;
CREATE TABLE `transaction_parent` (
  `id` int(11) NOT NULL AUTO_INCREMENT,
  `transaction_number` varchar(45) DEFAULT NULL COMMENT 'AA_1001',
  `transaction_date` date DEFAULT NULL,
  `customer_id` int(11) DEFAULT NULL,
  `company_name` varchar(245) DEFAULT NULL,
  `contact_name` varchar(145) DEFAULT NULL,
  `contact_telephone` varchar(145) DEFAULT NULL,
  `overpaid_charge_percentage` int(5) DEFAULT NULL,
  `dept_duration` int(11) DEFAULT NULL,
  `send_location` varchar(245) DEFAULT NULL,
  `exchange_rate_id` int(11) NOT NULL,
  `grand_total` decimal(10,2) DEFAULT '0.00' COMMENT 'Sum value of transaction_child.total',
  `transaction_status` tinyint(5) DEFAULT NULL COMMENT '0 = Pending / Waiting for Approve\n1 = Approved / Print\n2 = Waiting for payment',
  `created_by` int(11) DEFAULT NULL,
  `approved_by` int(11) DEFAULT NULL,
  `quotation_expired_at` date DEFAULT NULL,
  `due_paid_at` date DEFAULT NULL,
  `created_at` datetime DEFAULT NULL,
  `updated_at` datetime DEFAULT NULL,
  `deleted_at` datetime DEFAULT NULL,
  PRIMARY KEY (`id`)
) ENGINE=InnoDB AUTO_INCREMENT=1069 DEFAULT CHARSET=utf8;
/*!40101 SET character_set_client = @saved_cs_client */;

--
-- Dumping data for table `transaction_parent`
--

LOCK TABLES `transaction_parent` WRITE;
/*!40000 ALTER TABLE `transaction_parent` DISABLE KEYS */;
INSERT INTO `transaction_parent` VALUES (1033,'ITP_1033','2015-02-28',1,'IT Pedia Sole.,Ltd','Somwang','+85620 59998848',3,45,'',10,44000.00,1,1,NULL,'1970-01-01',NULL,'2015-02-28 09:04:56','2015-02-28 09:12:27','2015-02-28 09:12:27'),(1034,'ITP_1034','2015-01-08',1,'IT Pedia Sole.,Ltd','Somwang','+85620 59998848',3,45,'',10,22000.00,1,1,NULL,'1970-01-01',NULL,'2015-02-28 09:06:13','2015-02-28 13:30:57','2015-02-28 13:30:57'),(1035,'ດທ_1035','2015-02-28',4,'ບໍລິສັດ ດາວທຽມ ຈຳກັດ (ອ້າຍເຈ)','Peter','',0,0,'',12,21500.00,1,1,NULL,'2015-03-15','2015-02-28','2015-02-28 13:18:46','2015-02-28 13:31:15','2015-02-28 13:31:15'),(1036,'ຮ35_1036','2015-01-02',8,'ໂຮງແຮມ 35 ຊັ້ນ ( ຈັນທີ )','','',3,15,'ໂພນສີນວນ',12,205800.00,1,1,NULL,'1970-01-01',NULL,'2015-02-28 13:29:15','2015-03-04 15:02:59','2015-03-04 15:02:59'),(1037,'ດທ_1037','2015-01-02',4,'ບໍລິສັດ ດາວທຽມ ຈຳກັດ (ອ້າຍເຈ)','Peter','',3,30,'ນາໄຮ່',12,10575.00,1,1,NULL,'1970-01-01',NULL,'2015-02-28 13:49:11','2015-02-28 13:49:54',NULL),(1038,'ນລມ_1038','2015-02-28',5,'ໂຄງການວຽງຈັນເນລະມິດ (Jimmy)','','',3,30,'ດົງພູສີ',12,0.00,1,1,NULL,'1970-01-01',NULL,'2015-02-28 13:50:45','2015-02-28 13:50:54','2015-02-28 13:50:54'),(1039,'ນລມ_1039','2015-02-28',5,'ໂຄງການວຽງຈັນເນລະມິດ (Jimmy)','','',3,30,'ດົງພູສີ',12,0.00,1,1,NULL,'1970-01-01',NULL,'2015-02-28 13:51:20','2015-02-28 13:51:26','2015-02-28 13:51:26'),(1040,'ນລມ_1040','2015-01-02',5,'ໂຄງການວຽງຈັນເນລະມິດ (Jimmy)','','',3,30,'ດົງໂພສິ',12,13200.00,1,1,NULL,'1970-01-01',NULL,'2015-02-28 13:52:08','2015-02-28 13:53:04',NULL),(1041,'ຊຕ_1041','2015-01-02',7,'ບໍລິສັດ ຊຽງຕູ່ (ຈັນທີ)','ຈັນທີ','',3,30,'',12,0.00,1,1,NULL,'1970-01-01',NULL,'2015-02-28 15:46:25','2015-02-28 15:47:17','2015-02-28 15:47:17'),(1042,'ຊຕ_1042','2015-01-02',7,'ບໍລິສັດ ຊຽງຕູ່ (ຈັນທີ)','ຈັນທີ','',3,30,'ຫລັກ 6',12,376800.00,1,1,NULL,'1970-01-01',NULL,'2015-02-28 15:47:40','2015-02-28 15:56:18',NULL),(1043,'ຮ35_1043','2015-01-02',8,'ໂຮງແຮມ 35 ຊັ້ນ ( ຈັນທີ )','','',0,0,'ໂພນສີນວນ',12,208320.00,1,1,NULL,'1970-01-01',NULL,'2015-03-04 15:04:32','2015-03-04 16:10:06',NULL),(1044,'ຮ35_1044','2015-01-16',8,'ຮ/ຮ 35_','','',3,30,'ໂພນສີນວນ',12,20825.00,1,13,NULL,'1970-01-01',NULL,'2015-03-05 15:53:03','2015-03-05 15:56:23','2015-03-05 15:56:23'),(1045,'ຮ35_1045','2015-01-16',8,'ຮ/ຮ 35_','','',0,30,'ຫຼັກ 6',12,0.00,1,13,NULL,'1970-01-01',NULL,'2015-03-05 16:08:01','2015-03-05 16:09:08','2015-03-05 16:09:08'),(1046,'ຮ35_1046','2015-01-16',8,'ຮ 35_','','',3,30,'ຫຼັກ 6',12,60690.00,1,13,NULL,'1970-01-01',NULL,'2015-03-05 16:10:20','2015-03-05 16:15:16','2015-03-05 16:15:16'),(1047,'ຮ35_1047','2015-01-16',8,'ຮ 35_','','',3,30,'ໂພນສີນວນ',12,399840.00,1,13,NULL,'1970-01-01',NULL,'2015-03-05 16:17:28','2015-03-05 16:34:01',NULL),(1048,'ຈລ_1048','2015-01-17',10,'ບໍລິສັດ ຈະເລີນຊັບ. (ຈິມມີ້)','','',3,30,'ນາໄຫ',12,126900.00,1,13,NULL,'1970-01-01',NULL,'2015-03-06 10:33:09','2015-03-07 11:25:15',NULL),(1049,'ຈລ_1049','2015-01-17',11,'ບໍລິສັດ ຈະເລີນຊັບ.ດ (ຈິມມີ້)','','',3,30,'ດົງຄຳຊ້າງ',12,21500.00,1,13,NULL,'1970-01-01',NULL,'2015-03-06 10:44:29','2015-03-06 10:45:45',NULL),(1050,'ດທ_1050','2015-01-17',4,'ບໍລິສັດ ດາວທຽມ ຈຳກັດ (ອ້າຍເຈ)','Peter','',3,30,'ນາໄຫ',12,19350.00,1,13,NULL,'1970-01-01',NULL,'2015-03-06 10:48:40','2015-03-07 13:26:27',NULL),(1051,'ດທ_1051','2015-03-06',4,'ບໍລິສັດ ດາວທຽມ ຈຳກັດ (ອ້າຍເຈ)','Peter','',0,0,'',12,0.00,1,14,NULL,'1970-01-01',NULL,'2015-03-06 11:29:18','2015-03-06 11:29:36','2015-03-06 11:29:36'),(1052,'ຮ35_1052','2015-01-18',8,'ໂຮງແຮມ 35 ຊັ້ນ ( ຈັນທີ )','','',3,30,'ຫຼັກ 6',12,296310.00,1,13,NULL,'1970-01-01',NULL,'2015-03-07 12:38:18','2015-03-10 11:28:05',NULL),(1053,'ລ_1053','2015-01-18',12,'ອ້າຍ ລໍ (ຈິມມີ້)','','',0,15,'ບຶງຂະຫຍອງ',12,55600.00,1,13,NULL,'1970-01-01',NULL,'2015-03-07 13:07:55','2015-03-07 13:27:08',NULL),(1054,'ຮ35_1054','2015-03-10',8,'ໂຮງແຮມ 35 ຊັ້ນ ( ຈັນທີ )','​ອ້າຍ ຈັນ​ທີ','',3,30,' ໂພນ​ສີ​ນວນ',12,0.00,1,14,NULL,'1970-01-01',NULL,'2015-03-10 10:38:25','2015-03-10 10:52:14','2015-03-10 10:52:14'),(1055,'ຮ35_1055','2015-03-05',8,'ໂຮງແຮມ 35 ຊັ້ນ ( ຈັນທີ )','​ອ້າຍ ຈັນ​ທີ','',3,30,'ໂພນ​ສີ​ນວນ',12,0.00,1,14,NULL,'1970-01-01',NULL,'2015-03-10 10:52:57','2015-03-10 10:56:40','2015-03-10 10:56:40'),(1056,'ຮ35_1056','2015-03-10',8,'ໂຮງແຮມ 35 ຊັ້ນ ( ຈັນທີ )','','',0,0,'',12,0.00,1,12,NULL,'1970-01-01',NULL,'2015-03-10 10:57:46','2015-03-10 11:30:07','2015-03-10 11:30:07'),(1057,'ຮ35_1057','2015-01-05',8,'ໂຮງແຮມ 35 ຊັ້ນ ( ຈັນທີ )','​ອ້າຍ ຈັນ​ທີ','',3,30,'ໂພນ​ສີ​ນວນ',12,399840.00,1,14,NULL,'1970-01-01',NULL,'2015-03-10 10:59:23','2015-03-10 16:14:59',NULL),(1058,'ຮ35_1058','2015-03-10',8,'ໂຮງແຮມ 35 ຊັ້ນ ( ຈັນທີ )','​ອ້າຍ ຈັນ​ທີ','',3,30,'ໂພນ​ສີ​ນວນ',12,197540.00,1,14,NULL,'1970-01-01',NULL,'2015-03-10 11:29:50','2015-03-14 10:26:51','2015-03-14 10:26:51'),(1059,'ຮ35_1059','2015-01-10',8,'ໂຮງແຮມ 35 ຊັ້ນ ( ຈັນທີ )','​ອ້າຍ ຈັນ​ທີ','',3,30,'ໂພນ​ສີ​ນວນ',12,21420.00,1,14,NULL,'1970-01-01',NULL,'2015-03-10 11:31:13','2015-03-10 11:32:29',NULL),(1060,'ດທ_1060','2015-01-09',4,'ບໍລິສັດ ດາວທຽມ ຈຳກັດ (ອ້າຍເຈ)','Peter','',3,30,'ນາ​ໄຮ',12,0.00,1,14,NULL,'1970-01-01',NULL,'2015-03-10 11:34:33','2015-03-10 11:35:35','2015-03-10 11:35:35'),(1061,'ດທ_1061','2015-01-09',4,'ບໍລິສັດ ດາວທຽມ ຈຳກັດ (ອ້າຍເຈ)','Peter','',3,30,'ນາ​ໄຮ',12,9675.00,1,14,NULL,'1970-01-01',NULL,'2015-03-10 11:36:34','2015-03-10 11:41:37',NULL),(1062,'ຮ35_1062','2015-01-12',8,'ໂຮງແຮມ 35 ຊັ້ນ ( ຈັນທີ )','','',3,30,'',12,0.00,1,12,NULL,'1970-01-01',NULL,'2015-03-10 11:48:32','2015-03-10 11:48:32',NULL),(1063,'ດທ_1063','2015-01-12',4,'ບໍລິສັດ ດາວທຽມ ຈຳກັດ (ອ້າຍເຈ)','Peter','',0,0,'',12,0.00,1,12,NULL,'1970-01-01',NULL,'2015-03-10 12:04:32','2015-03-10 12:04:32',NULL),(1064,'ດທ_1064','2015-03-13',4,'ບໍລິສັດ ດາວທຽມ ຈຳກັດ (ອ້າຍເຈ)','Peter','',0,0,'',12,0.00,1,12,NULL,'1970-01-01',NULL,'2015-03-10 12:20:33','2015-03-10 12:24:03','2015-03-10 12:24:03'),(1065,'ດທ_1065','2015-01-13',4,'ບໍລິສັດ ດາວທຽມ ຈຳກັດ (ອ້າຍເຈ)','Peter','',0,0,'',12,17550.00,1,12,NULL,'1970-01-01',NULL,'2015-03-10 12:24:31','2015-03-10 12:26:39',NULL),(1066,'ຮ35_1066','2015-01-13',8,'ໂຮງແຮມ 35 ຊັ້ນ ( ຈັນທີ )','','',0,0,'',12,197540.00,1,12,NULL,'1970-01-01',NULL,'2015-03-10 12:28:43','2015-03-10 12:36:01',NULL),(1067,'ຈລ_1067','2015-01-13',10,'ບໍລິສັດ ຈະເລີນຊັບ. (ຈິມມີ້)','','',3,30,'',12,66000.00,1,12,NULL,'1970-01-01',NULL,'2015-03-10 12:37:48','2015-03-10 12:40:22',NULL),(1068,'ອກ_1068','2015-01-18',13,'ອ້າຍ ໂກ້ (ເອື້ອຍໃຈ)','','',3,15,'ດອນກອຍ',12,30300.00,1,13,NULL,'1970-01-01',NULL,'2015-03-10 15:21:06','2015-03-10 15:25:41',NULL);
/*!40000 ALTER TABLE `transaction_parent` ENABLE KEYS */;
UNLOCK TABLES;

--
-- Table structure for table `transaction_payment`
--

DROP TABLE IF EXISTS `transaction_payment`;
/*!40101 SET @saved_cs_client     = @@character_set_client */;
/*!40101 SET character_set_client = utf8 */;
CREATE TABLE `transaction_payment` (
  `id` int(11) NOT NULL AUTO_INCREMENT,
  `transaction_parent_id` int(11) DEFAULT NULL,
  `transaction_number_sub` varchar(145) DEFAULT NULL,
  `payment_type` varchar(45) DEFAULT NULL COMMENT 'Cheque\nBank Transfer\nCash',
  `amount` decimal(15,2) DEFAULT NULL,
  `amount_usd` decimal(20,2) DEFAULT NULL,
  `amount_lak` decimal(20,2) DEFAULT NULL,
  `exchange_rate_id` int(11) DEFAULT NULL,
  `paid_at` date DEFAULT NULL,
  `payment_date` date DEFAULT NULL,
  `payment_due_date` date DEFAULT NULL,
  `status` tinyint(2) DEFAULT NULL COMMENT '0 = Pending\n1 = Received\n2 = Cancelled',
  `created_at` datetime DEFAULT NULL,
  `updated_at` datetime DEFAULT NULL,
  `deleted_at` datetime DEFAULT NULL,
  `user_id` int(11) DEFAULT NULL,
  `received_by` int(11) DEFAULT NULL,
  PRIMARY KEY (`id`),
  KEY `fk_transaction_payment_exchange_rate1_idx` (`exchange_rate_id`),
  CONSTRAINT `fk_transaction_payment_exchange_rate1` FOREIGN KEY (`exchange_rate_id`) REFERENCES `exchange_rate` (`id`) ON DELETE NO ACTION ON UPDATE NO ACTION
) ENGINE=InnoDB AUTO_INCREMENT=13 DEFAULT CHARSET=utf8;
/*!40101 SET character_set_client = @saved_cs_client */;

--
-- Dumping data for table `transaction_payment`
--

LOCK TABLES `transaction_payment` WRITE;
/*!40000 ALTER TABLE `transaction_payment` DISABLE KEYS */;
INSERT INTO `transaction_payment` VALUES (1,1037,'ດທ_1037_1','Cheque',10575.00,341.13,2643750.00,12,NULL,NULL,NULL,0,'2015-02-28 15:59:32','2015-02-28 15:59:32',NULL,1,NULL),(2,1042,'ຊຕ_1042_1','Cheque',376800.00,12154.84,94200000.00,12,NULL,NULL,NULL,0,'2015-02-28 16:09:39','2015-02-28 16:09:39',NULL,1,NULL),(3,1040,'ນລມ_1040_1','Cash',13200.00,425.81,3300000.00,12,NULL,NULL,NULL,0,'2015-02-28 16:12:42','2015-02-28 16:12:42',NULL,1,NULL),(4,1036,'ຮ35_1036_1','Bank Transfer',205800.00,6638.71,51450000.00,12,NULL,NULL,NULL,0,'2015-02-28 16:13:30','2015-02-28 16:13:30',NULL,1,NULL),(5,1043,'ຮ35_1043_1','Cheque',208320.00,6720.00,52080000.00,12,NULL,NULL,NULL,0,'2015-03-04 16:23:07','2015-03-04 16:24:20','2015-03-04 16:24:20',1,NULL),(6,1049,'ຈລ_1049_1','Cheque',21500.00,693.55,5375000.00,12,NULL,NULL,NULL,0,'2015-03-10 12:26:47','2015-03-10 12:26:47',NULL,1,NULL),(7,1066,'ຮ35_1066_1','Cash',0.00,0.00,0.00,12,NULL,NULL,NULL,0,'2015-03-10 12:29:37','2015-03-14 10:57:33','2015-03-14 10:57:33',1,NULL),(8,1061,'ດທ_1061_1','Bank Transfer',9675.00,312.10,2418750.00,12,NULL,NULL,NULL,0,'2015-03-10 12:31:08','2015-03-10 12:31:08',NULL,1,NULL),(9,1065,'ດທ_1065_1','Cash',17550.00,566.13,4387500.00,12,NULL,NULL,NULL,0,'2015-03-10 12:33:03','2015-03-10 12:33:03',NULL,1,NULL),(10,1068,'ອກ_1068_1','Cheque',30300.00,977.42,7575000.00,12,NULL,'2015-03-14','2015-04-13',0,'2015-03-14 10:46:36','2015-03-14 10:46:48','2015-03-14 10:46:48',1,NULL),(11,1067,'ຈລ_1067_1','Cash',66000.00,2129.03,16500000.00,12,NULL,'2015-01-13','2015-02-15',0,'2015-03-14 10:49:28','2015-03-14 10:49:28',NULL,1,NULL),(12,1066,'ຮ35_1066_1','Cash',197540.00,6372.26,49385000.00,12,NULL,'2015-03-14','2015-03-21',0,'2015-03-14 10:58:41','2015-03-14 10:58:41',NULL,1,NULL);
/*!40000 ALTER TABLE `transaction_payment` ENABLE KEYS */;
UNLOCK TABLES;

--
-- Table structure for table `user`
--

DROP TABLE IF EXISTS `user`;
/*!40101 SET @saved_cs_client     = @@character_set_client */;
/*!40101 SET character_set_client = utf8 */;
CREATE TABLE `user` (
  `id` int(11) NOT NULL AUTO_INCREMENT,
  `user_group_id` int(11) NOT NULL,
  `login` varchar(145) NOT NULL,
  `password` varchar(145) NOT NULL,
  `firstname` varchar(145) NOT NULL,
  `lastname` varchar(145) DEFAULT NULL,
  `remember_token` varchar(100) DEFAULT NULL,
  `systemUser` tinyint(1) DEFAULT NULL,
  `created_at` datetime DEFAULT NULL,
  `updated_at` datetime DEFAULT NULL,
  `remove` tinyint(1) DEFAULT NULL,
  PRIMARY KEY (`id`),
  KEY `fk_user_user_group1_idx` (`user_group_id`),
  KEY `login` (`login`),
  KEY `password` (`password`),
  CONSTRAINT `fk_user_user_group1` FOREIGN KEY (`user_group_id`) REFERENCES `user_group` (`id`) ON DELETE NO ACTION ON UPDATE NO ACTION
) ENGINE=InnoDB AUTO_INCREMENT=15 DEFAULT CHARSET=utf8;
/*!40101 SET character_set_client = @saved_cs_client */;

--
-- Dumping data for table `user`
--

LOCK TABLES `user` WRITE;
/*!40000 ALTER TABLE `user` DISABLE KEYS */;
INSERT INTO `user` VALUES (1,1,'dsouksavatd@gmail.com','$2y$10$ZwFV0oThP7bFnAGcftHgROKF2WHzYqpQbZEwGqc0xhoIoBJqslAOy','Somwang','Souksavatd','RHRtLfvnmt8NhN3lqIKqouhv1akaalSSUxJlinzcXqz0imqNLAuJPyEdiZgp',1,'2015-02-28 00:00:00','2015-02-28 17:05:31',0),(12,7,'23237878','$2y$10$ONOF9ikRfZHzUDsItdeqm..Gbt7NjupfZBgeGUhxDfxx/ZN2Ad2fG','Soukthakone','Souvannkham','zavB7X6LafORdrOQZ7W288ZwMWndm1KokUBstwDwP8l9amp6ZZl0hx1d69RC',0,'2015-02-28 17:03:32','2015-03-10 12:11:33',0),(13,8,'23456926','$2y$10$f6Vp/B4kX7MRcDe34jYoVuGE8L/Yn1xhTi65t7/56PowTVJEcC2RW','Vilaiphone','Bounthongsouk','sBYmMH0KEzpdKnEjbxViBay3gNOhYQQwYpRTUI7ymuSaJO9O6sd51aigXxJC',0,'2015-02-28 17:04:28','2015-02-28 17:06:56',0),(14,8,'58871577','$2y$10$E2fUK6foPIrtn/bTv.o.ReZyR8qXtW7GzZU6GjDhkuEbj5oFF9RYW','Anousone','Sivilay',NULL,0,'2015-02-28 17:05:05','2015-02-28 17:05:05',0);
/*!40000 ALTER TABLE `user` ENABLE KEYS */;
UNLOCK TABLES;
/*!50003 SET @saved_cs_client      = @@character_set_client */ ;
/*!50003 SET @saved_cs_results     = @@character_set_results */ ;
/*!50003 SET @saved_col_connection = @@collation_connection */ ;
/*!50003 SET character_set_client  = utf8 */ ;
/*!50003 SET character_set_results = utf8 */ ;
/*!50003 SET collation_connection  = utf8_general_ci */ ;
/*!50003 SET @saved_sql_mode       = @@sql_mode */ ;
/*!50003 SET sql_mode              = 'STRICT_TRANS_TABLES,STRICT_ALL_TABLES,NO_ZERO_IN_DATE,NO_ZERO_DATE,ALLOW_INVALID_DATES,ERROR_FOR_DIVISION_BY_ZERO,TRADITIONAL,NO_AUTO_CREATE_USER,NO_ENGINE_SUBSTITUTION' */ ;
DELIMITER ;;
/*!50003 CREATE*/ /*!50017 DEFINER=`root`@`%`*/ /*!50003 TRIGGER `user_BEFORE_INSERT` BEFORE INSERT ON user FOR EACH ROW
-- Edit trigger body code below this line. Do not edit lines above this one
BEGIN
SET new.remove = 0;
SET new.systemUser = 0;
END */;;
DELIMITER ;
/*!50003 SET sql_mode              = @saved_sql_mode */ ;
/*!50003 SET character_set_client  = @saved_cs_client */ ;
/*!50003 SET character_set_results = @saved_cs_results */ ;
/*!50003 SET collation_connection  = @saved_col_connection */ ;

--
-- Table structure for table `user_group`
--

DROP TABLE IF EXISTS `user_group`;
/*!40101 SET @saved_cs_client     = @@character_set_client */;
/*!40101 SET character_set_client = utf8 */;
CREATE TABLE `user_group` (
  `id` int(11) NOT NULL AUTO_INCREMENT,
  `name` varchar(145) NOT NULL,
  `permissionList` text,
  `invisible` tinyint(1) DEFAULT NULL,
  `created_at` datetime DEFAULT NULL,
  `updated_at` datetime DEFAULT NULL,
  PRIMARY KEY (`id`)
) ENGINE=InnoDB AUTO_INCREMENT=10 DEFAULT CHARSET=utf8;
/*!40101 SET character_set_client = @saved_cs_client */;

--
-- Dumping data for table `user_group`
--

LOCK TABLES `user_group` WRITE;
/*!40000 ALTER TABLE `user_group` DISABLE KEYS */;
INSERT INTO `user_group` VALUES (1,'Administrator',NULL,1,NULL,NULL),(2,'ຜູ້ອຳນວຍການ','{\"1\":\"\\u0ec0\\u0e9e\\u0eb5\\u0ec8\\u0ea1\\u0e9c\\u0eb9\\u0ec9\\u0ec3\\u0e8a\\u0ec9\\u0e87\\u0eb2\\u0e99 ( User Add )\",\"2\":\"\\u0ea5\\u0ebb\\u0e9a\\u0ea5\\u0ec9\\u0eb2\\u0e87 ( User Remove )\",\"3\":\"\\u0eaa\\u0eb0\\u0ec1\\u0e94\\u0e87\\u0ea5\\u0eb2\\u0e8d\\u0e81\\u0eb2\\u0e99 ( User List )\",\"4\":\"\\u0ec1\\u0e81\\u0ec9\\u0ec4\\u0e82\\u0ea5\\u0eb0\\u0eab\\u0eb1\\u0e94\\u0e9c\\u0ec8\\u0eb2\\u0e99 ( Change User Password )\",\"13\":\"\\u0eaa\\u0eb0\\u0ec1\\u0e94\\u0e87 \\u0ea5\\u0eb2\\u0e8d\\u0ea5\\u0eb0\\u0ead\\u0ebd\\u0e94\\u0e81\\u0eb2\\u0e99\\u0eaa\\u0ebb\\u0ec8\\u0e87\",\"15\":\"\\u0eaa\\u0eb0\\u0ec1\\u0e94\\u0e87 \\u0ea5\\u0eb2\\u0e8d\\u0e81\\u0eb2\\u0e99\\u0e9c\\u0eb0\\u0ea5\\u0eb4\\u0e94\\u0ec1\\u0e8d\\u0e81\\u0e95\\u0eb2\\u0ea1\\u0ea5\\u0eb9\\u0e81\\u0e84\\u0ec9\\u0eb2 (Material Report by Cust.)\",\"17\":\"\\u0eaa\\u0eb0\\u0ec1\\u0e94\\u0e87 \\u0ea5\\u0eb2\\u0e8d\\u0ea5\\u0eb0\\u0ead\\u0ebd\\u0e94\\u0e81\\u0eb2\\u0e99\\u0e82\\u0eb2\\u0e8d (Transaction Report)\"}',0,'2015-01-20 00:00:00','2015-02-21 10:24:49'),(7,'ບັນຊີລວມ','{\"5\":\"\\u0eaa\\u0eb0\\u0ec1\\u0e94\\u0e87\\u0ea5\\u0eb2\\u0e8d\\u0e81\\u0eb2\\u0e99 ( Customer List )\",\"6\":\"\\u0ec0\\u0e9e\\u0eb5\\u0ec8\\u0ea1\\u0ea5\\u0eb2\\u0e8d\\u0e81\\u0eb2\\u0e99 ( Customer Add )\",\"7\":\"\\u0ec1\\u0e81\\u0ec9\\u0ec4\\u0e82 ( Customer Edit )\",\"8\":\"\\u0ea5\\u0ebb\\u0e9a\\u0ea5\\u0ec9\\u0eb2\\u0e87 ( Customer Remove )\",\"11\":\"\\u0ec1\\u0e81\\u0ec9\\u0ec4\\u0e82\\u0ead\\u0eb1\\u0e94\\u0e95\\u0eb2\\u0ec1\\u0ea5\\u0e81\\u0e9b\\u0ec8\\u0ebd\\u0e99 ( Update Exchange Rate )\",\"12\":\"\\u0e95\\u0eb1\\u0ec9\\u0e87\\u0e84\\u0ec8\\u0eb2\\u0e97\\u0ebb\\u0ec8\\u0ea7\\u0ec4\\u0e9b ( General Setting )\",\"13\":\"\\u0eaa\\u0eb0\\u0ec1\\u0e94\\u0e87 \\u0ea5\\u0eb2\\u0e8d\\u0ea5\\u0eb0\\u0ead\\u0ebd\\u0e94\\u0e81\\u0eb2\\u0e99\\u0eaa\\u0ebb\\u0ec8\\u0e87\",\"15\":\"\\u0eaa\\u0eb0\\u0ec1\\u0e94\\u0e87 \\u0ea5\\u0eb2\\u0e8d\\u0e81\\u0eb2\\u0e99\\u0e9c\\u0eb0\\u0ea5\\u0eb4\\u0e94\\u0ec1\\u0e8d\\u0e81\\u0e95\\u0eb2\\u0ea1\\u0ea5\\u0eb9\\u0e81\\u0e84\\u0ec9\\u0eb2 (Material Report by Cust.)\",\"17\":\"\\u0eaa\\u0eb0\\u0ec1\\u0e94\\u0e87 \\u0ea5\\u0eb2\\u0e8d\\u0ea5\\u0eb0\\u0ead\\u0ebd\\u0e94\\u0e81\\u0eb2\\u0e99\\u0e82\\u0eb2\\u0e8d (Transaction Report)\",\"19\":\"\\u0ec0\\u0e9e\\u0eb5\\u0ec8\\u0ea1\\u0ea5\\u0eb2\\u0e8d\\u0e81\\u0eb2\\u0e99\",\"20\":\"\\u0ec1\\u0e81\\u0ec9\\u0ec4\\u0e82\\u0ea5\\u0eb2\\u0e8d\\u0e81\\u0eb2\\u0e99 \\u0eaa\\u0eb4\\u0e99\\u0e84\\u0ec9\\u0eb2\",\"21\":\"\\u0ea5\\u0ebb\\u0e9a\\u0ea5\\u0ec9\\u0eb2\\u0e87\\u0ea5\\u0eb2\\u0e8d\\u0e81\\u0eb2\\u0e99 \\u0eaa\\u0eb4\\u0e99\\u0e84\\u0ec9\\u0eb2\",\"38\":\"\\u0eaa\\u0eb0\\u0ec1\\u0e94\\u0e87 \\u0ea5\\u0eb2\\u0e8d\\u0e81\\u0eb2\\u0e99 \\u0eaa\\u0eb4\\u0e99\\u0e84\\u0ec9\\u0eb2\",\"22\":\"\\u0ec0\\u0e9e\\u0eb5\\u0ec8\\u0ea1\\u0ea5\\u0eb2\\u0e8d\\u0e81\\u0eb2\\u0e99\",\"23\":\"\\u0ec1\\u0e81\\u0ec9\\u0ec4\\u0e82\",\"24\":\"\\u0ea5\\u0ebb\\u0e9a\\u0ea5\\u0ec9\\u0eb2\\u0e87\",\"39\":\"\\u0eaa\\u0eb0\\u0ec1\\u0e94\\u0e87 \\u0ea5\\u0eb2\\u0e8d\\u0e81\\u0eb2\\u0e99 \\u0e81\\u0eb2\\u0e99\\u0e9a\\u0ecd\\u0ea5\\u0eb4\\u0e81\\u0eb2\\u0e99\",\"25\":\"\\u0eaa\\u0ec9\\u0eb2\\u0e87 \\u0ec3\\u0e9a\\u0eaa\\u0eb0\\u0ec0\\u0eab\\u0e99\\u0eb5\\u0ea5\\u0eb2\\u0e84\\u0eb2\",\"26\":\"\\u0eaa\\u0ec9\\u0eb2\\u0e87 \\u0ea5\\u0eb2\\u0e8d\\u0e81\\u0eb2\\u0e99\\u0e82\\u0eb2\\u0e8d\",\"27\":\"\\u0ec2\\u0ead\\u0e99\\u0ec0\\u0e9b\\u0eb1\\u0e99 \",\"28\":\"\\u0eaa\\u0ec9\\u0eb2\\u0e87 \",\"29\":\"\\u0e8d\\u0ebb\\u0e81\\u0ec0\\u0ea5\\u0eb5\\u0e81 \\u0ea5\\u0eb2\\u0e8d\\u0e81\\u0eb2\\u0e99\",\"30\":\"\\u0e9e\\u0eb4\\u0ea1 \",\"31\":\"\\u0ec0\\u0e9e\\u0eb5\\u0ec8\\u0ea1 \\u0ea5\\u0eb2\\u0e8d\\u0e81\\u0eb2\\u0e99 \\u0eaa\\u0eb4\\u0e99\\u0e84\\u0ec9\\u0eb2 \\/ \\u0e81\\u0eb2\\u0e99\\u0e9a\\u0ecd\\u0ea5\\u0eb4\\u0e81\\u0eb2\\u0e99\",\"33\":\"\\u0ec1\\u0e81\\u0ec9\\u0ec4\\u0e82 \\u0ea5\\u0eb2\\u0e8d\\u0e81\\u0eb2\\u0e99 \\u0eaa\\u0eb4\\u0e99\\u0e84\\u0ec9\\u0eb2 \\/ \\u0e81\\u0eb2\\u0e99\\u0e9a\\u0ecd\\u0ea5\\u0eb4\\u0e81\\u0eb2\\u0e99\",\"34\":\"\\u0ea5\\u0ebb\\u0e9a\\u0ea5\\u0ec9\\u0eb2\\u0e87 \\u0ea5\\u0eb2\\u0e8d\\u0e81\\u0eb2\\u0e99 \\u0eaa\\u0eb4\\u0e99\\u0e84\\u0ec9\\u0eb2 \\/ \\u0e81\\u0eb2\\u0e99\\u0e9a\\u0ecd\\u0ea5\\u0eb4\\u0e81\\u0eb2\\u0e99\",\"40\":\"\\u0eaa\\u0eb0\\u0ec1\\u0e94\\u0e87 \\u0ea5\\u0eb2\\u0e8d\\u0e81\\u0eb2\\u0e99\\u0e82\\u0eb2\\u0e8d (Transaction)\",\"42\":\"\\u0e8d\\u0ebb\\u0e81\\u0ec0\\u0ea5\\u0eb4\\u0e81 \",\"43\":\"\\u0e9e\\u0eb4\\u0ea1 \"}',0,NULL,'2015-02-28 17:01:19'),(8,'ບັນຊີີລາຍວັນ','{\"5\":\"\\u0eaa\\u0eb0\\u0ec1\\u0e94\\u0e87\\u0ea5\\u0eb2\\u0e8d\\u0e81\\u0eb2\\u0e99 ( Customer List )\",\"6\":\"\\u0ec0\\u0e9e\\u0eb5\\u0ec8\\u0ea1\\u0ea5\\u0eb2\\u0e8d\\u0e81\\u0eb2\\u0e99 ( Customer Add )\",\"7\":\"\\u0ec1\\u0e81\\u0ec9\\u0ec4\\u0e82 ( Customer Edit )\",\"8\":\"\\u0ea5\\u0ebb\\u0e9a\\u0ea5\\u0ec9\\u0eb2\\u0e87 ( Customer Remove )\",\"11\":\"\\u0ec1\\u0e81\\u0ec9\\u0ec4\\u0e82\\u0ead\\u0eb1\\u0e94\\u0e95\\u0eb2\\u0ec1\\u0ea5\\u0e81\\u0e9b\\u0ec8\\u0ebd\\u0e99 ( Update Exchange Rate )\",\"13\":\"\\u0eaa\\u0eb0\\u0ec1\\u0e94\\u0e87 \\u0ea5\\u0eb2\\u0e8d\\u0ea5\\u0eb0\\u0ead\\u0ebd\\u0e94\\u0e81\\u0eb2\\u0e99\\u0eaa\\u0ebb\\u0ec8\\u0e87\",\"15\":\"\\u0eaa\\u0eb0\\u0ec1\\u0e94\\u0e87 \\u0ea5\\u0eb2\\u0e8d\\u0e81\\u0eb2\\u0e99\\u0e9c\\u0eb0\\u0ea5\\u0eb4\\u0e94\\u0ec1\\u0e8d\\u0e81\\u0e95\\u0eb2\\u0ea1\\u0ea5\\u0eb9\\u0e81\\u0e84\\u0ec9\\u0eb2 (Material Report by Cust.)\",\"17\":\"\\u0eaa\\u0eb0\\u0ec1\\u0e94\\u0e87 \\u0ea5\\u0eb2\\u0e8d\\u0ea5\\u0eb0\\u0ead\\u0ebd\\u0e94\\u0e81\\u0eb2\\u0e99\\u0e82\\u0eb2\\u0e8d (Transaction Report)\",\"19\":\"\\u0ec0\\u0e9e\\u0eb5\\u0ec8\\u0ea1\\u0ea5\\u0eb2\\u0e8d\\u0e81\\u0eb2\\u0e99\",\"20\":\"\\u0ec1\\u0e81\\u0ec9\\u0ec4\\u0e82\\u0ea5\\u0eb2\\u0e8d\\u0e81\\u0eb2\\u0e99 \\u0eaa\\u0eb4\\u0e99\\u0e84\\u0ec9\\u0eb2\",\"21\":\"\\u0ea5\\u0ebb\\u0e9a\\u0ea5\\u0ec9\\u0eb2\\u0e87\\u0ea5\\u0eb2\\u0e8d\\u0e81\\u0eb2\\u0e99 \\u0eaa\\u0eb4\\u0e99\\u0e84\\u0ec9\\u0eb2\",\"38\":\"\\u0eaa\\u0eb0\\u0ec1\\u0e94\\u0e87 \\u0ea5\\u0eb2\\u0e8d\\u0e81\\u0eb2\\u0e99 \\u0eaa\\u0eb4\\u0e99\\u0e84\\u0ec9\\u0eb2\",\"22\":\"\\u0ec0\\u0e9e\\u0eb5\\u0ec8\\u0ea1\\u0ea5\\u0eb2\\u0e8d\\u0e81\\u0eb2\\u0e99\",\"23\":\"\\u0ec1\\u0e81\\u0ec9\\u0ec4\\u0e82\",\"24\":\"\\u0ea5\\u0ebb\\u0e9a\\u0ea5\\u0ec9\\u0eb2\\u0e87\",\"39\":\"\\u0eaa\\u0eb0\\u0ec1\\u0e94\\u0e87 \\u0ea5\\u0eb2\\u0e8d\\u0e81\\u0eb2\\u0e99 \\u0e81\\u0eb2\\u0e99\\u0e9a\\u0ecd\\u0ea5\\u0eb4\\u0e81\\u0eb2\\u0e99\",\"25\":\"\\u0eaa\\u0ec9\\u0eb2\\u0e87 \\u0ec3\\u0e9a\\u0eaa\\u0eb0\\u0ec0\\u0eab\\u0e99\\u0eb5\\u0ea5\\u0eb2\\u0e84\\u0eb2\",\"26\":\"\\u0eaa\\u0ec9\\u0eb2\\u0e87 \\u0ea5\\u0eb2\\u0e8d\\u0e81\\u0eb2\\u0e99\\u0e82\\u0eb2\\u0e8d\",\"27\":\"\\u0ec2\\u0ead\\u0e99\\u0ec0\\u0e9b\\u0eb1\\u0e99 \",\"28\":\"\\u0eaa\\u0ec9\\u0eb2\\u0e87 \",\"29\":\"\\u0e8d\\u0ebb\\u0e81\\u0ec0\\u0ea5\\u0eb5\\u0e81 \\u0ea5\\u0eb2\\u0e8d\\u0e81\\u0eb2\\u0e99\",\"30\":\"\\u0e9e\\u0eb4\\u0ea1 \",\"31\":\"\\u0ec0\\u0e9e\\u0eb5\\u0ec8\\u0ea1 \\u0ea5\\u0eb2\\u0e8d\\u0e81\\u0eb2\\u0e99 \\u0eaa\\u0eb4\\u0e99\\u0e84\\u0ec9\\u0eb2 \\/ \\u0e81\\u0eb2\\u0e99\\u0e9a\\u0ecd\\u0ea5\\u0eb4\\u0e81\\u0eb2\\u0e99\",\"33\":\"\\u0ec1\\u0e81\\u0ec9\\u0ec4\\u0e82 \\u0ea5\\u0eb2\\u0e8d\\u0e81\\u0eb2\\u0e99 \\u0eaa\\u0eb4\\u0e99\\u0e84\\u0ec9\\u0eb2 \\/ \\u0e81\\u0eb2\\u0e99\\u0e9a\\u0ecd\\u0ea5\\u0eb4\\u0e81\\u0eb2\\u0e99\",\"34\":\"\\u0ea5\\u0ebb\\u0e9a\\u0ea5\\u0ec9\\u0eb2\\u0e87 \\u0ea5\\u0eb2\\u0e8d\\u0e81\\u0eb2\\u0e99 \\u0eaa\\u0eb4\\u0e99\\u0e84\\u0ec9\\u0eb2 \\/ \\u0e81\\u0eb2\\u0e99\\u0e9a\\u0ecd\\u0ea5\\u0eb4\\u0e81\\u0eb2\\u0e99\",\"40\":\"\\u0eaa\\u0eb0\\u0ec1\\u0e94\\u0e87 \\u0ea5\\u0eb2\\u0e8d\\u0e81\\u0eb2\\u0e99\\u0e82\\u0eb2\\u0e8d (Transaction)\",\"42\":\"\\u0e8d\\u0ebb\\u0e81\\u0ec0\\u0ea5\\u0eb4\\u0e81 \",\"43\":\"\\u0e9e\\u0eb4\\u0ea1 \"}',0,NULL,'2015-02-28 17:01:09'),(9,'ການເງິນ','{\"13\":\"\\u0eaa\\u0eb0\\u0ec1\\u0e94\\u0e87 \\u0ea5\\u0eb2\\u0e8d\\u0ea5\\u0eb0\\u0ead\\u0ebd\\u0e94\\u0e81\\u0eb2\\u0e99\\u0eaa\\u0ebb\\u0ec8\\u0e87\",\"15\":\"\\u0eaa\\u0eb0\\u0ec1\\u0e94\\u0e87 \\u0ea5\\u0eb2\\u0e8d\\u0e81\\u0eb2\\u0e99\\u0e9c\\u0eb0\\u0ea5\\u0eb4\\u0e94\\u0ec1\\u0e8d\\u0e81\\u0e95\\u0eb2\\u0ea1\\u0ea5\\u0eb9\\u0e81\\u0e84\\u0ec9\\u0eb2 (Material Report by Cust.)\",\"17\":\"\\u0eaa\\u0eb0\\u0ec1\\u0e94\\u0e87 \\u0ea5\\u0eb2\\u0e8d\\u0ea5\\u0eb0\\u0ead\\u0ebd\\u0e94\\u0e81\\u0eb2\\u0e99\\u0e82\\u0eb2\\u0e8d (Transaction Report)\",\"40\":\"\\u0eaa\\u0eb0\\u0ec1\\u0e94\\u0e87 \\u0ea5\\u0eb2\\u0e8d\\u0e81\\u0eb2\\u0e99\\u0e82\\u0eb2\\u0e8d (Transaction)\",\"41\":\"\\u0eae\\u0eb1\\u0e9a\\u0ec0\\u0e87\\u0eb4\\u0e99 \\u0e88\\u0eb2\\u0e81 \",\"43\":\"\\u0e9e\\u0eb4\\u0ea1 \"}',0,NULL,'2015-02-28 17:01:57');
/*!40000 ALTER TABLE `user_group` ENABLE KEYS */;
UNLOCK TABLES;
/*!50003 SET @saved_cs_client      = @@character_set_client */ ;
/*!50003 SET @saved_cs_results     = @@character_set_results */ ;
/*!50003 SET @saved_col_connection = @@collation_connection */ ;
/*!50003 SET character_set_client  = utf8 */ ;
/*!50003 SET character_set_results = utf8 */ ;
/*!50003 SET collation_connection  = utf8_general_ci */ ;
/*!50003 SET @saved_sql_mode       = @@sql_mode */ ;
/*!50003 SET sql_mode              = 'NO_AUTO_VALUE_ON_ZERO' */ ;
DELIMITER ;;
/*!50003 CREATE*/ /*!50017 DEFINER=`root`@`localhost`*/ /*!50003 TRIGGER `user_group_BINS` BEFORE INSERT ON `user_group`
 FOR EACH ROW -- Edit trigger body code below this line. Do not edit lines above this one
BEGIN
SET new.invisible = 0;
END */;;
DELIMITER ;
/*!50003 SET sql_mode              = @saved_sql_mode */ ;
/*!50003 SET character_set_client  = @saved_cs_client */ ;
/*!50003 SET character_set_results = @saved_cs_results */ ;
/*!50003 SET collation_connection  = @saved_col_connection */ ;

--
-- Table structure for table `user_group_permission`
--

DROP TABLE IF EXISTS `user_group_permission`;
/*!40101 SET @saved_cs_client     = @@character_set_client */;
/*!40101 SET character_set_client = utf8 */;
CREATE TABLE `user_group_permission` (
  `id` int(11) NOT NULL AUTO_INCREMENT,
  `permissionZone` varchar(145) NOT NULL,
  `permissionTitle` varchar(145) NOT NULL,
  `permissionDescription` varchar(245) DEFAULT NULL,
  PRIMARY KEY (`id`)
) ENGINE=InnoDB AUTO_INCREMENT=44 DEFAULT CHARSET=utf8;
/*!40101 SET character_set_client = @saved_cs_client */;

--
-- Dumping data for table `user_group_permission`
--

LOCK TABLES `user_group_permission` WRITE;
/*!40000 ALTER TABLE `user_group_permission` DISABLE KEYS */;
INSERT INTO `user_group_permission` VALUES (1,'ການບໍລິຫານຜູ້ໃຊ້ງານ','ເພີ່ມຜູ້ໃຊ້ງານ ( User Add )','ອະນຸຍາດໃນການເພີ່ມຜູ້ໃຊ້ງານ'),(2,'ການບໍລິຫານຜູ້ໃຊ້ງານ','ລົບລ້າງ ( User Remove )','ອະນຸຍາດໃຫ້ລົບລ້າງຜູ້ໃຊ້ງານ'),(3,'ການບໍລິຫານຜູ້ໃຊ້ງານ','ສະແດງລາຍການ ( User List )','ອະນຸຍາດໃຫ້ສະແດງລາຍການຜູ້ໃຊ້ງານ'),(4,'ການບໍລິຫານຜູ້ໃຊ້ງານ','ແກ້ໄຂລະຫັດຜ່ານ ( Change User Password )','ອະນຸຍາດໃຫ້ແກ້ໄຂລະຫັດຜ່ານຂອງຜູ້ໃຊ້ງານ'),(5,'ການບໍລິຫານລາຍການລູກຄ້າ','ສະແດງລາຍການ ( Customer List )','ອະນຸຍາດໃຫ້ສະແດງລາຍການຂໍ້ມູນລູກຄ້າ'),(6,'ການບໍລິຫານລາຍການລູກຄ້າ','ເພີ່ມລາຍການ ( Customer Add )','ອະນຸຍາດໃຫ້ເພິ້ມລາຍການລູກຄ້າ'),(7,'ການບໍລິຫານລາຍການລູກຄ້າ','ແກ້ໄຂ ( Customer Edit )','ອະນຸຍາດໃຫ້ແກ້ໄຂລາຍການລູກຄ້າ'),(8,'ການບໍລິຫານລາຍການລູກຄ້າ','ລົບລ້າງ ( Customer Remove )','ອະນຸຍາດໃຫ້ລົບລ້າງລາຍການລູກຄ້າ'),(10,'ການບໍລິຫານຜູ້ໃຊ້ງານ','ກຳໜົດສິດກຸ່ມຜູ້ໃຊ້ງານ ( Set Group Permission )','ອະນຸຍາດໃຫ້ກຳໜົດສິດກຸ່ມຜູ້ໃຊ້ງານ'),(11,'ຕັ້ງຄ່າ','ແກ້ໄຂອັດຕາແລກປ່ຽນ ( Update Exchange Rate )','ອະນຸຍາດໃຫ້ແກ້ໄຂອັດຕາແລກປ່ຽນ'),(12,'ຕັ້ງຄ່າ','ຕັ້ງຄ່າທົ່ວໄປ ( General Setting )','ອະນຸຍາດໃຫ້ແກ້ໄຂຄ່າຂໍ້ມູນພື້ນຖານທົ່ວໄປ'),(13,'ລາຍງານ','ສະແດງ ລາຍລະອຽດການສົ່ງ','ອະນຸຍາດໃຫ້ ສະແດງ ລາຍການລາຍລະອຽດການສົ່ງ'),(15,'ລາຍງານ','ສະແດງ ລາຍການຜະລິດແຍກຕາມລູກຄ້າ (Material Report by Cust.)','ອະນຸຍາດໃຫ້ ສະແດງ ລາຍການຜະລິດແຍກຕາມລູກຄ້າ (Material Report by Cust.)'),(17,'ລາຍງານ','ສະແດງ ລາຍລະອຽດການຂາຍ (Transaction Report)','ອະນຸຍາດໃຫ້ ສະແດງ  ລາຍລະອຽດການຂາຍ (Transaction Report)'),(19,'ລາຍການ ສິນຄ້າ','ເພີ່ມລາຍການ','ອະນຸຍາດໃຫ້ເພີ່ມລາຍການສິນຄ້າ'),(20,'ລາຍການ ສິນຄ້າ','ແກ້ໄຂລາຍການ ສິນຄ້າ','ອະນຸຍາດໃຫ້ແກ້ໄຂລາຍການສິນຄ້າ'),(21,'ລາຍການ ສິນຄ້າ','ລົບລ້າງລາຍການ ສິນຄ້າ','ອະນຸຍາດໃຫ້ລົບລ້າງລາຍການສິນຄ້າ'),(22,'ລາຍການ ການບໍລິການ','ເພີ່ມລາຍການ','ອະນຸຍາດໃຫ້ເພີ່ມລາຍການ ການບໍລິການ'),(23,'ລາຍການ ການບໍລິການ','ແກ້ໄຂ','ອະນຸຍາດໃຫ້ແກ້ໄຂ ລາຍການ ການບໍລິການ'),(24,'ລາຍການ ການບໍລິການ','ລົບລ້າງ','ອະນຸຍາດໃຫ້ລົບລ້າງ ລາຍການ ການບໍລິການ'),(25,'ລາຍການຂາຍ (Transaction)','ສ້າງ ໃບສະເຫນີລາຄາ','ອະນຸຍາດຍາດໃຫ້ ສ້າງ ໃບສະເຫນີລາຄາ'),(26,'ລາຍການຂາຍ (Transaction)','ສ້າງ ລາຍການຂາຍ','ອະນຸຍາດໃຫ້ ສ້າງ ລາຍການຂາຍ'),(27,'ລາຍການຂາຍ (Transaction)','ໂອນເປັນ \"ລາຍການຂາຍ\"','ອະນຸຍາດໃຫ້ ໂອນເປັນ \"ໃບສະເຫນີລາຄາ\" ເປັນ \"ລາຍການຂາຍ\"'),(28,'ລາຍການຂາຍ (Transaction)','ສ້າງ \"ໃບຮຽກເກັບເງິນ\"','ອະນຸຍາດໃຫ້ ສ້າງ \"ໃບຮຽກເກັບເງິນ\"'),(29,'ລາຍການຂາຍ (Transaction)','ຍົກເລີກ ລາຍການ','ອະນຸຍາດໃຫ້ ຍົກເລີກ \"ລາຍການຂາຍ\" ຫລືື \"ໃບສະເຫນີລາຄາ\"'),(30,'ລາຍການຂາຍ (Transaction)','ພິມ \"ໃບສະເຫນີລາຄາ\"','ອະນຸຍາດໃຫ້ ພິມ \"ໃບສະເຫນີລາຄາ\"'),(31,'ລາຍການຂາຍ (Transaction)','ເພີ່ມ ລາຍການ ສິນຄ້າ / ການບໍລິການ','ອະນຸຍາດ ໃຫ້ເພີ່ມ ສິນຄ້າ / ການບໍລິການ ເຂົ້າໃນ \"ລາຍການຂາຍ\" ຫລືື \"ໃບສະເຫນີລາຄາ\"'),(33,'ລາຍການຂາຍ (Transaction)','ແກ້ໄຂ ລາຍການ ສິນຄ້າ / ການບໍລິການ','ອະນຸຍາດໃຫ້ ລາຍການ ສິນຄ້າ / ການບໍລິການ'),(34,'ລາຍການຂາຍ (Transaction)','ລົບລ້າງ ລາຍການ ສິນຄ້າ / ການບໍລິການ','ອະນຸຍາດໃຫ້ ລົບລ້າງ ລາຍການ ສິນຄ້າ / ການບໍລິການ'),(38,'ລາຍການ ສິນຄ້າ','ສະແດງ ລາຍການ ສິນຄ້າ','ອະນຸຍາດໃຫ້ ສະແດງລາຍການ ສິນຄ້າ'),(39,'ລາຍການ ການບໍລິການ','ສະແດງ ລາຍການ ການບໍລິການ','ອະນຸຍາດໃຫ້ ສະແດງລາຍການ ລາຍການສິນຄ້າ'),(40,'ລາຍການຂາຍ (Transaction)','ສະແດງ ລາຍການຂາຍ (Transaction)','ອະນຸຍາດໃຫ້ ສະແດງ ລາຍການຂາຍ (Transaction)'),(41,'ລາຍການຂາຍ (Transaction)','ຮັບເງິນ ຈາກ \"ໃບຮຽກເກັບເງິນ\"','ອະນຸຍາດໃ້ຫ ຮັບເງິນ ຈາກ \"ໃບຮຽກເກັບເງິນ\"'),(42,'ລາຍການຂາຍ (Transaction)','ຍົກເລິກ \"ໃບຮຽກເກັບເງິນ\"','ອະນຸຍາດໃ້ຫ ຍົກເລິກ \"ໃບຮຽກເກັບເງິນ\"'),(43,'ລາຍການຂາຍ (Transaction)','ພິມ \"ໃບຮຽກເກັບເງິນ\"','ອະນຸຍາດໃຫ້ ພິມ \"ໃບຮຽກເກັບເງິນ\"');
/*!40000 ALTER TABLE `user_group_permission` ENABLE KEYS */;
UNLOCK TABLES;
/*!40103 SET TIME_ZONE=@OLD_TIME_ZONE */;

/*!40101 SET SQL_MODE=@OLD_SQL_MODE */;
/*!40014 SET FOREIGN_KEY_CHECKS=@OLD_FOREIGN_KEY_CHECKS */;
/*!40014 SET UNIQUE_CHECKS=@OLD_UNIQUE_CHECKS */;
/*!40101 SET CHARACTER_SET_CLIENT=@OLD_CHARACTER_SET_CLIENT */;
/*!40101 SET CHARACTER_SET_RESULTS=@OLD_CHARACTER_SET_RESULTS */;
/*!40101 SET COLLATION_CONNECTION=@OLD_COLLATION_CONNECTION */;
/*!40111 SET SQL_NOTES=@OLD_SQL_NOTES */;

-- Dump completed on 2015-03-14 11:39:40
